id,genre,trackName,artistName,valence,energy
1KzxgnTo2nKbuiTlJPKCjc,acoustic,Whisper the Answer,Gregory and the Hawk,0.249,0.372
265Anh9hGoozFigjUVLUeD,acoustic,New Shoes,Paolo Nutini,0.854,0.735
6qTmjG7thRJEOaUKFmfjGR,acoustic,The Last Day on Earth,Kate Miller-Heidke,0.168,0.44
1WbYFNSUNn9fP1x0Z5DU95,acoustic,Riptide,MisterWives,0.362,0.677
4fZ0mkzk0ktr4WVfjqyUv2,acoustic,Hear Me Now,Boyce Avenue,0.323,0.836
7bcHBD27hxkK5aSXjWOysM,acoustic,When I Held Ya,Moa Lignell,0.418,0.645
1KqlVt63Q4bl1VdSlymr5C,acoustic,Riptide,Vance Joy,0.51,0.731
1ZXSLHLp5AJnCp12UXdYiO,acoustic,Sex On Fire,Alex Cornell,0.0568,0.408
4VJgrWjrkodaGiq3xKz62z,acoustic,Sometimes (I Wish),City and Colour,0.135,0.467
3i508xSmrzqtAGl6wYPGae,acoustic,Something In The Air,The Jepettos,0.122,0.542
55fC1vUs7mVzOH7RipVlXR,afrobeat,Palea,Dobet Gnahoré,0.603,0.453
0RdXMS28fH63l6Is3eHZXM,afrobeat,See Me So,2Baba,0.853,0.484
161fk9qHtXsdHPzIGLFHWo,afrobeat,Yabis,Various Artists,0.639,0.629
1mwt9hzaH7idmC5UCoOUkz,afrobeat,Diamonds,Rihanna,0.369,0.674
3oJOtvPbyOqRPlFvspQP3o,afrobeat,Djuru,Amadou & Mariam,0.697,0.798
7bX1buX1LfDCRXrEp403nh,afrobeat,Igbe,Fela Kuti,0.722,0.775
6VhfsXyTnRRnNX77dQO1WA,afrobeat,Shining Star,Nneka,0.532,0.595
4Pl8ViAolRF4rK8QBMhKd9,afrobeat,Redemption Song,Bob Marley & The Wailers,0.698,0.259
4aTVzrK2pUSSlBq0th31oB,afrobeat,Ukwu,Timaya,0.649,0.833
2Hoakj7ynnOYZQFX4FpYIz,afrobeat,Nightwalk,JuJu (Justin Adams & Juldeh Camara),0.665,0.877
7wvrr5PXgetOyljccwpKnD,alt-rock,Benediction,Thurston Moore,0.556,0.481
5EBDvc4cX8tqalRFGRwm7A,alt-rock,Liar,Built To Spill,0.538,0.755
0gmmDw2VIZn8BsGq1mwYlK,alt-rock,Homage,Alien Ant Farm,0.53,0.936
4R7Qay92W6pX5FGlSOHPl4,alt-rock,American Music,Violent Femmes,0.795,0.704
56SkdBKyR2zOkjk6wVFI9s,alt-rock,Possum Kingdom,Toadies,0.925,0.726
6tb7flAIRdJVuUfdgwbhJa,alt-rock,Tahitian Moon,Perry Farrell,0.35,0.716
19pQaJUSEtn31fpO6RozaH,alt-rock,A Million Little Pieces,Placebo,0.606,0.858
6xyd8KWUlBxCE9hANhl71N,alt-rock,Heartbreaker,The Walkmen,0.391,0.849
466LASOuTbWDkrwZ3Ylxvv,alt-rock,Beat The Devil's Tattoo,Black Rebel Motorcycle Club,0.707,0.921
4DfGcn3VVcdmmJl1PWNAkv,alt-rock,Karate Lips,Electric Six,0.472,0.965
0KNVDEeZWXZPIYKqJeRRpX,alternative,If You Wanna,The Vaccines,0.544,0.866
5lDriBxJd22IhOH9zTcFrV,alternative,Dirty Little Secret,The All-American Rejects,0.458,0.954
2Oj5BXOY01EDuJhVYNlEoq,alternative,Safe And Sound,Capital Cities,0.836,0.783
2ZQyksYO4zzhyHNcueL0CP,alternative,Home,Phillip Phillips,0.293,0.792
3dw0A0cbqT6Oy2V8KfGwIT,alternative,Tiptoe,Imagine Dragons,0.25,0.82
6cWpj6c5pNZYEk5KYjNBji,alternative,Let It Go,The Neighbourhood,0.285,0.79
3PvzvltQZLIKk9YgoMP3Yq,alternative,The Mother We Share,CHVRCHES,0.317,0.716
1Q2fYlSdwuutWj3QplhY9q,alternative,Riot,Three Days Grace,0.316,0.948
4Wvr1YaxNsCujq77dKujys,alternative,Believe,The Bravery,0.517,0.949
1VQ6FXasIrdkshSHfX6sde,alternative,Entertainment,Phoenix,0.479,0.731
5v8tkWxBbFuRwpS7ou18SN,ambient,Small Little Green Cubes,AES DANA,0.0766,0.509
4upUGbQVqH0qlhEmCM79f1,ambient,Second Narrows,Loscil,0.146,0.215
4zAzF8denMQ2A21pWfP8M8,ambient,Blumenthal,Ulrich Schnauss,0.0658,0.52
4sEG0E3IBQHp6V2DGTnXNX,ambient,Held together by gravity,Carbon Based Lifeforms,0.0527,0.374
0R8KuL4OaQtPsEdMInoy4R,ambient,The Time to Sleep,Marble Sounds,0.0531,0.614
5QhMDMcK5Wf8xUKmwrTvWo,ambient,Andaman,Manual,0.0396,0.208
4Rfp8JgdGLIwaNsYvapTzS,ambient,Aragon - 2005 Digital Remaster,Brian Eno,0.127,0.00633
120qQ1McNzHpwdB9fd7j4v,ambient,Earth (Gaia),The Orb,0.0574,0.529
3md3vi2KPEjP6hk4Rs21oV,ambient,Rain Geometrics,H.U.V.A. Network,0.287,0.38
3CUFFu1ifUMeRozLhbTdgr,ambient,Newborn,Lowlakes,0.136,0.523
4zCW67IiFeNEdYuSUn9cCP,anime,storia,Kalafina,0.409,0.609
2Fw6cP2toCq1zQlVYIC7lf,anime,るなティックワード,Luna Haruna,0.357,0.941
6nfwuH777JDgwotCUGBHya,anime,RESTART,ClariS,0.83,0.974
2WAh0ViRAtzn8QRIcQtdUr,anime,MEMORIA,Eir Aoi,0.428,0.825
2zcceHJcvzXBwfhC8WImXK,anime,あなたにVacuum!〜ちょいかため〜,Lisp,0.623,0.817
4N70xPyz4LRQhCGmaGqgUt,anime,おかしな帽子屋,かと*ふく,0.453,0.772
12latwizXxelDp7CzIyS6A,anime,infinity beyond,Mashiro Ayano,0.373,0.942
76Cj0zGrobQE7WsoNQBdxq,anime,愛について - Agape,Taro Umebayashi,0.0398,0.25
1HgyarDOrulXpx7K5JlwWY,anime,パンピナッ!,Prizmmy☆,0.525,0.947
4kQXQMJrlKBUFwX0S6JW4S,anime,運命の女神 - Team. S ver.,"Wake Up, Girls!",0.882,0.949
0CD0AWrX4rR0HuBAiEHHBW,black-metal,Tuistos Herz,Burzum,0.0356,0.305
6MeAj0jy2lz8zuSAfvdK1U,black-metal,Through the Halls of Eternity,Immortal,0.017,0.997
0qV4uYVz6wjQebk7UACtkW,black-metal,Equimanthorn,Dark Funeral,0.0892,0.964
6m1PiaLhyoJGJC7tMtE5X9,black-metal,Son Of Damned,Bathory,0.423,0.926
6XsUgFZ3TIBuQNIHw1z1Jb,black-metal,Limbs Of Worship,Marduk,0.0728,0.99
4oYlzbbhhQQ809iw47PGtW,black-metal,Knokkelmann,Carpathian Forest,0.281,0.921
2K6yCozK6a9KRkBWFx2gxk,black-metal,Feathers Fell,Dissection,0.391,0.188
690ATE31iP60aAO0J9PvW4,black-metal,The Wanderer - Instrumental,Emperor,0.0395,0.608
2aQ64qPjLFwB0uvEfjnbCC,black-metal,Turn the Sign of the Microcosm (Snu Mikrokosmos' Tegn),Burzum,0.0446,0.902
0pq1WStnwZS06YSh8ANBeo,black-metal,Outlaw,Watain,0.119,0.989
1UZbdJcY2jLM2HdZVJpmQ9,bluegrass,Along About Daybreak,Bill Monroe & His Blue Grass Boys,0.424,0.0989
7KZ5GAoYklpIHQrs9WV60H,bluegrass,Hear The Willow Cry,The Steeldrivers,0.902,0.589
1dcm8pmB1eOdvInOhORxje,bluegrass,Roll In My Sweet Baby's Arms,Nitty Gritty Dirt Band,0.829,0.564
3hF7gCSBoshG3GHUUV8otI,bluegrass,My Opening Farewell,Alison Krauss & Union Station,0.244,0.3
6ghXD44kT8wqM1hty9NGgO,bluegrass,Attaboy,Various Artists,0.588,0.387
1gCzS6LuqFWPFD0UE1bINb,bluegrass,The Woman and the Bell,Punch Brothers,0.157,0.31
7aasVRiY3nzHmzB9EAEtY3,bluegrass,In God's Country,The Infamous Stringdusters,0.413,0.576
4GsN56PtulWa8EtJNKcpaj,bluegrass,Long Time Gone,Darrell Scott,0.9,0.502
3lNzk7TZyTpDwViPeMJgg9,bluegrass,I'm Going To Make Heaven My Home,Earl Scruggs,0.617,0.389
7oKm94sc382ss1EhS48TCg,bluegrass,Girl Of The North Country,Sam Bush,0.677,0.551
3L60Vu9qmY6fg2QroRIxgi,blues,Cry Baby,Janis Joplin,0.504,0.418
63vJRHgZyFTMUaMtkdiD2g,blues,All I Could Do Was Cry,Etta James,0.613,0.348
7A9rUcLyatjR0FvJFkmfIw,blues,Too Rolling Stoned - 2007 Remastered Version,Robin Trower,0.37,0.622
7kWhdmRYv8CqbWNqfojqVd,blues,Let's Stay Together,Al Green,0.502,0.273
2lpO1Bp5EMdosb9AJxNfN5,blues,I Won't Do That,Joe Louis Walker,0.522,0.835
0oQtjAjUeksVd9gHE5fl02,blues,Drown in My Own Tears,Ray Charles,0.404,0.177
6mGy6bzPJ6hrgPnVJZCEd4,blues,Crossroads - 2008 Remaster,Ry Cooder,0.744,0.736
6D3CM7JLJCpVQ48tGSCVCb,blues,The Things (That) I Used to Do,Stevie Ray Vaughan,0.484,0.611
2XJBHxDHgimhJ67fzpp8Ip,blues,Your Heart Is As Black As Night,"Beth Hart, Joe Bonamassa",0.169,0.449
49HpLbZHUWi24SeTZKRksQ,blues,Don't You Lie To Me (I Get Evil) - 2002 Digital Remaster,Gary Moore,0.777,0.829
4dqNkPgl9t0MNmE70tAuyr,bossanova,"A Bênção, Bahia!",Vinícius de Moraes,0.826,0.782
27PtpvXfgJ9swgwqYopTSq,bossanova,Amanhã,Bossa Jazz Trio,0.728,0.538
02CPTzD7WKjKplja2gXfV7,bossanova,É Preciso Perdoar,Bossacucanova,0.732,0.89
3s9B0pzI5G1KfA312KwJku,bossanova,Errinho à Toa,Wanda Sá,0.895,0.534
7tKo2fr1Muzpvps7vLi6C5,bossanova,Cade Voce? - Instr.,Bebel Gilberto,0.595,0.65
3t9W5A0Buruunc8SJwUB0a,bossanova,Triste Alegria,Miúcha,0.82,0.456
1cgApuOOH2gxgT7d5vIKMV,bossanova,Pedro Brasil,Rosa Passos,0.684,0.467
3vfTZJNAR9zqZfqqJSpo2j,bossanova,Sua Revelação,Ale Vanzella,0.244,0.355
1oVpkzGOrXzvyCoAabQ6Ae,bossanova,E Luxo So,Joao Gilberto & Astrud Gilberto,0.783,0.275
7GQHhqNRa76hsUDLscjwSM,bossanova,Theme from Route 66,Laurindo Almeida and The Bossa Nova All Stars,0.724,0.389
0PgsB53yhlKs8D19LgYU4i,brazil,Se...,Djavan,0.498,0.392
7IlN4RrC4oILrQJ1xsBM3f,brazil,Hoje Eu Quero Sair Só,Lenine,0.699,0.597
4MYTwzia07JVDvMes0y0qY,brazil,O Vento,Various Artists,0.839,0.685
7ATfTQCF4OGSY91yKk42km,brazil,Um Minuto Para O Fim Do Mundo,CPM 22,0.67,0.973
3KYlOzxN5xO7eEauO1VF06,brazil,Velha Infancia - 2004 Digital Remaster;,Tribalistas,0.574,0.596
0cWA7zp6HZm5lqdmozH0TF,brazil,Dois Rios,Skank,0.381,0.621
31NSDwCjIRYaPJW3tNNGUv,brazil,Alforria,Forfun,0.917,0.849
266WEiJhZI1dNUcOqr7Yzi,brazil,Infinita Highway,Engenheiros Do Hawaii,0.812,0.798
6ttKOudrrD5yjt4saUjhNa,brazil,Faroeste Caboclo,Legião Urbana,0.444,0.549
1Sq5WIPVCs0fMODkLpFxZL,brazil,The Girl From Ipanema,Kincade,0.746,0.606
7G4U7IDXXPz1PFlKpfDGoZ,breakbeat,The Horror,RJD2,0.386,0.894
5dothA2CJsYxayUlAiZ8CS,breakbeat,Cramp Your Style,Various Artists,0.777,0.885
7hqtsTQZSOzGmM1sqreXTa,breakbeat,On & On,Various Artists,0.892,0.977
68FNfH8S9i4489IJ2YRmdP,breakbeat,Injected With A Poison - Adams Power Mix,Praga Khan,0.355,0.992
1dPZC3LbZjsYZmVPSnuwKp,breakbeat,The Garden,Cut Chemist,0.693,0.831
4dTMU4O2DdyIlRlss7v9UP,breakbeat,Insane in the Brain,Cypress Hill,0.77,0.705
5YHLNVCXesRkxCq5lRuIWW,breakbeat,Shake It Up - Stanton Warriors Remix,Stanton Warriors,0.774,0.897
1RADWAGoZRJod22HVKahvC,breakbeat,"Future Sound Of Breaks Volume 2.0 - Continuous Mix - Feat. DJ Icey, Krafty Kuts, Deekline and Ed Solo, Hyde, Hydraulix",Eric Berretta,0.246,0.692
6MZAfPueIvw0a86iHQOCFw,breakbeat,The Outsider,Lack Of Afro,0.46,0.836
7bdDULyOUqNyWu6XPeAnSO,breakbeat,50 Ways to Leave Your Lover,Paul Simon,0.341,0.383
3l8dM1wjgFh98jpiq5ZCe7,british,Jump into the Fog,The Wombats,0.671,0.897
6ugHtf3IModjYQ7dHDuEhO,british,Change My Mind,One Direction,0.517,0.619
0gQpRWjX9WX8t2KeRfYVR1,british,"William, It Was Really Nothing - 2008 Remaster",The Smiths,0.513,0.943
12B0Twa9kRz45Xw2PgXHJm,british,Afire Love,Ed Sheeran,0.333,0.637
0QSQSRLBSYgB34WcEpicFP,british,With Ur Love,Cher Lloyd,0.694,0.832
1tjHKKI0r82IB5KL29whHs,british,Panic Station,Muse,0.726,0.766
3ViMAvyCcmbRauKuoP2GJm,british,Old Yellow Bricks,Arctic Monkeys,0.757,0.837
31tjImR06JCJswXViIvFuk,british,Alive,One Direction,0.383,0.895
2Uab83g0cf6PKsbuBqv6gF,british,It's My Life,The Animals,0.652,0.592
56KqaFSGTb7ifpt16t5Y1N,british,Rock the Casbah - Remastered,The Clash,0.866,0.872
75fUsE9ye4B8JgNVEp8lYz,cantopop,Shall We Talk,Eason Chan,0.496,0.309
5Zm0I147SFvWT7Fyi24T8W,cantopop,廢柴同盟,Jan Lamb,0.916,0.939
09PZUuqCdaZi7KEIXdmoEQ,cantopop,"相愛很難 - 電影""男人四十""歌曲",Anita Mui,0.45,0.73
38VdcBcQjWjGzb97E1gXlr,cantopop,明白,Closer,0.292,0.655
4cMCaxrAxc0XNoth9fqzf4,cantopop,Wonderland (Feat. Janice Vidal),24Herbs,0.265,0.607
1wCDHXmstvO3VLJALTuN8P,cantopop,劫數難逃,Jordan Chan,0.54,0.645
1nxJbK8FsX4EtYJh5BKJkv,cantopop,天長地久,周啟生,0.568,0.409
5a9LyvUQelD8lqU2BOlo0I,cantopop,明知故犯,Various Artists,0.127,0.318
4LP9hUditOI1ZAlxEXol2Y,cantopop,多謝關心,Various Artists,0.117,0.507
0wnBP6mLZXUqTkcahbs579,cantopop,Jin Tian Zhong Yu Yi Ren Hui Jia,Gin Lee,0.375,0.759
19udU6Fps14qvmuvPvwaeW,chicago-house,Can You Feel The Bass,Various Artists,0.659,0.903
3nRXUS1Rtwi5tr9eNTebNg,chicago-house,Can You Feel It,Various Artists,0.468,0.695
2269i5Fgm9KAG7nRX7NGPW,chicago-house,It's Over,Various Artists,0.801,0.49
6HuS7VVP3elJORwlhoBvsR,chicago-house,What's Up Rocky,Various Artists,0.966,0.754
20gFQeaikLa2Ntag4ohjNn,chicago-house,Bremen Ost,Stephan Bodzin,0.103,0.602
7derb2qOeP1x75G5G4J1Ru,chicago-house,The Horn Song - Original Mix,The Don,0.747,0.534
5IMkl51S87vaP8BkUOJ9Vt,chicago-house,Space Invaders Are Smoking Grass,I-F,0.306,0.661
2CbgPrMwa0UWUdppsOIoTR,chicago-house,Boogie Down Bronx,Man Parrish,0.469,0.639
040feKzAD1CyH8asrYDfDp,chicago-house,Meet Every Situation Head On (Noise & Mista Luv Mix),Psychic TV,0.831,0.892
3mHI82rXE6dqbHOSmbYzmi,chicago-house,Change For Me,Eric Roberson,0.797,0.625
2l98ANVveepjqXIWaIoCDW,children,Manboy,Eric Saade,0.373,0.808
4XjBPaPcclm45g7jqxs80O,children,"Heigh-Ho - From ""Snow White and the Seven Dwarfs""/Soundtrack Version",Various Artists,0.772,0.67
6PRC2qyslEy7GfzmtyDPQp,children,Witch Doctor,Alvin & The Chipmunks,0.737,0.922
5Fe1zUOn310veVsY3kMVlf,children,Imagination Movers Theme,Imagination Movers,0.878,0.916
3GfOAdcoc3X5GPiiXmpBjK,children,Song 2,Blur,0.855,0.709
20o8Y01V58egl0hKxtgHC1,children,I'm So Sorry,Yo Gabba Gabba,0.563,0.663
52PXH7gr8yWkMrMAQYL63r,children,"A Bug's Life Suite - From ""A Bug's Life""",Various Artists,0.15,0.269
3bJjYmanLTAVOAKx4RMyGV,children,"The North Mountain - From ""Frozen""/Score",Various Artists,0.0331,0.058
2wqaekenSQZm7hxQOYt8oE,children,Am I Wrong,Nico & Vinz,0.76,0.68
5fnA9mkIfScSqHIpeDyvck,children,Prayer in C - Robin Schulz Radio Edit,Lilly Wood and The Prick,0.8,0.875
2B4p8xjpBFP8ZinAtewfrB,chill,Reunion,The xx,0.0514,0.367
6wDKGtbPpF9xPMRv7bswQN,chill,Dead Sea,The Lumineers,0.472,0.319
31DVVa40JpTudyGDNC1ROW,chill,Everything in Its Right Place,Radiohead,0.0623,0.462
1jyddn36UN4tVsJGtaJfem,chill,You Are the Best Thing,Ray LaMontagne,0.885,0.727
0SuG9kyzGRpDqrCWtgD6Lq,chill,Give Me Love,Ed Sheeran,0.11,0.328
2QhURnm7mQDxBb5jWkbDug,chill,Don't Panic,Coldplay,0.453,0.612
2Lx9qpN7NgiWD4rgSQRBGH,chill,Midnight In A Perfect World,DJ Shadow,0.62,0.662
1EbWiEra7ovNsMq3DeLSDy,chill,Power Trip (feat. Miguel),J. Cole,0.406,0.608
7vFv0yFGMJW3qVXbAd9BK9,chill,Your Body Is a Wonderland,John Mayer,0.687,0.729
6UaRii9AH6Zss9xNMEQ2M9,chill,Love The Way You Lie,Eminem,0.638,0.922
4ig4joRGrX6jA2ln18ayR6,classical,Shaker Loops (version for string orchestra): A Final Shaking,John Adams,0.0801,0.0387
2URjwQulkDiDmFdjSPrcSc,classical,Appalachian Spring: VIII. Coda. Moderato,Aaron Copland,0.0428,0.00246
2LFGLqK12IzOi5sSu5wQJ6,classical,"Symphony No. 4 ""Los Angeles"": I. Con sublimità",Arvo Pärt,0.0372,0.0223
1oDAFTOXZGSQedBa6hXGhT,classical,"Tchaikovsky: The Nutcracker, Op. 71, Act II: No. 14c, Pas de deux. Variation II ""Dance of the Sugar Plum Fairy""",Pyotr Ilyich Tchaikovsky,0.0463,0.0205
2CACso0N7JssbeKSdN4Drl,classical,"Rigoletto / Act 3: ""La donna è mobile""",Luciano Pavarotti,0.379,0.208
2CIY2peTbSKNNHgykODpO4,classical,"Toccata And Fugue In D Minor, BWV 565",Leopold Stokowski,0.141,0.137
1n8NKQRg8LVHy7oUhUgbFF,classical,Hedwig's Theme,John Williams,0.077,0.162
0NvKyH2zVnhLcgMM7wAuK6,classical,Evey Reborn,Various Artists,0.0291,0.0992
3exBKAzjmT57jjH1TTFBni,classical,Theme and Variations,Ruth Crawford Seeger,0.0466,0.127
1Z43fZwZBbyx2Z9EkWvNs5,classical,"Sonata for 2 Pianos in D Major, K.448/375a: I. Allegro con spirito",Wolfgang Amadeus Mozart,0.416,0.0609
6mdwPV2pxF5o1WuA9ukTpC,club,Smack My Bitch Up,The Prodigy,0.275,0.993
7Bt36rJMdiN8edxCEO3KWw,club,Dangerous (feat. Sam Martin),David Guetta,0.43,0.747
5GayeBzzXIEl6fY0cP42Z1,club,Addicted To You,Avicii,0.303,0.785
46Xnj8vZFwOZCE4aZNXlTf,club,Not In Love - Radio Version,Crystal Castles,0.199,0.98
2uGJC6Z7vQPkAmk0TVrOhS,club,Delirious (Boneless) (feat. Kid Ink),Various Artists,0.917,0.908
3lZ6Oa8g1f9S05eFOt26E9,club,Barbra Streisand,Duck Sauce,0.406,0.927
4qABfS1RaGVXdBhj2BQyhO,club,Runaway (U & I),Galantis,0.383,0.805
6zlOUIqcU6juXFww9UNpJK,club,Five Hours,Deorro,0.575,0.821
3sCOSNH82pkeCMqudYibjb,club,Netzwerk (Falls Like Rain),Various Artists,0.265,0.71
4B9WpvjfKz37WzokV4dpll,club,Firestarter,The Prodigy,0.357,0.948
7jjv4PM2Pv8xxdgkr5PNWQ,comedy,Boxin',Martin Lawrence,0.452,0.6
0jtIlxqj0dGEmzFgYZZtLF,comedy,Girl's Night,Iliza Shlesinger,0.345,0.918
5jPV3O9mmO8eLbURAfAbGT,comedy,THREE,Daniel Tosh,0.346,0.945
497RhabXN14IDFq6BMzqED,comedy,This Woman I Met,Steven Wright,0.0303,0.995
6ba3H83IYgwYVnT3VZUxUM,comedy,The Donkey On Full House,Bob Saget,0.575,0.945
21gmMGuONBkTigWGguEIg7,comedy,Community College,Darryl Lenox,0.741,0.712
4l9aesWVNmBYvkB3dEI1We,comedy,Trick Or Treating,George Lopez,0.0354,0.982
6jsxdPGKj6oO7FOpYxoCDE,comedy,Grindr,Sandra Bernhard,0.367,0.665
23VLYIq2No1Poo1Wv6Vn0f,comedy,Meatloaf,Cameron Esposito,0.62,0.473
6yjoLviIwT6onwNdzCQrm7,comedy,The Parking Ticket,Patton Oswalt,0.354,0.944
3xIxLHtJe4do8Xe1b6Wtf4,country,Something To Ride To,Jake Owen,0.43,0.767
0RFgvrhkf9FiDRLA0BhzpZ,country,Drift Away,Uncle Kracker,0.861,0.66
71oM1aFuUhUcynBNyvUPxX,country,There Ain't Nothin' Wrong with the Radio,Aaron Tippin,0.912,0.58
4mpUaApNea2QhQshM4xyr4,country,Brand New Girlfriend,Steve Holy,0.72,0.861
3tEYaYV2rrsAcL6AcPxetH,country,Who I Am,Jessica Andrews,0.311,0.671
4sZY0JOIot0TapXBq0s5xg,country,California,Big & Rich,0.802,0.845
65B1tEOv5W294uCKbmEcFV,country,I Hope You Dance,Lee Ann Womack,0.275,0.443
2xYlyywNgefLCRDG8hlxZq,country,"Take Me Home, Country Roads - Rerecorded",John Denver,0.546,0.43
2TYlCPSARkvifu7jvsG1B1,country,Breathe - 2007 Remaster,Faith Hill,0.246,0.563
5GOLGi2dpY0oYwVmxZXjL8,country,Woulda Left Me Too,Ryan Griffin,0.173,0.452
0a53p8UzpQD0uW1hFUB4oF,dance,"Music Sounds Better With You - 12"" Club Mix",Various Artists,0.378,0.615
7dYq0bAE9fwdLVYlXCldsg,dance,It's You - Panic City Remix,Syn Cole,0.465,0.869
6cXa3Q4Tj4R2AK9fTk5ChH,dance,Geeks,Willy Joy,0.291,0.887
4eDymb0xGdS0x1wmS2RFsb,dance,Hit It Up,Various Artists,0.956,0.772
1BBplyYdhtbrJy2yEN7EaR,dance,Falling - Psychemagik Remix,HAIM,0.576,0.755
0KPEeNfMk7nqvnUkdDzqM6,dance,Renegades - Astrolith Remix,X Ambassadors,0.412,0.855
1tGc3FIrjizWpIec4C7G62,dance,Disco Shit,Cherub,0.704,0.635
0JJPrT8fMHs7b6n1VnqjEB,dance,My Mind,LO'99,0.32,0.652
1A6sVuun3GjnRutMi5ORQJ,dance,Klanga,Gostan,0.141,0.737
75HXTRhUWcPBO02HqQcTI6,dance,Snap That Neck (Radio Edit),Laidback Luke,0.306,0.675
2LibQBigAh1Mf3jWHKgZcP,dancehall,Open Up,Vybz Kartel,0.646,0.755
3fTJh8P9FPAXrN1GljEfSq,dancehall,True Friend (Buss A Shot),Demarco,0.461,0.772
4BXSQd7fTTLGatAd6wcu4E,dancehall,Million Pound Girl (Badder Than Bad) - Edit,Fuse ODG,0.734,0.938
6pIhN2XWqNhc6o1YS6ZHVH,dancehall,Good Girl Gone Bad (feat. Konshens),Tarrus Riley,0.739,0.716
4G0M5rMRmERVLpwC5K0YDK,dancehall,Fatima,Voicemail,0.297,0.667
1YjBJlLZh4wwnfYZCr3jrE,dancehall,Under Me Sleng Teng,Wayne Smith,0.91,0.508
44NFd0LGevT1cxH8BoPZSP,dancehall,Youth Dem Cold,Richie Spice,0.83,0.706
3ZaEEsJZ2MfOp3kW73xRfL,dancehall,She Nuh Wha,Various Artists,0.916,0.898
420WdRY6Ym6I8dsQj4diyI,dancehall,Good Like Gold,Various Artists,0.887,0.92
7uHzj8R6soDRePERvxmnyq,dancehall,Clean,Various Artists,0.784,0.608
6z2kUtd7DNAkpdY0EHHzfV,death-metal,Threatening Skies,Obituary,0.636,0.921
3cmEh49U5WRfPcFipIu7LY,death-metal,When Life Has Ceased,Entombed,0.178,0.986
60E6KwYdDd58XmuDYt6by6,death-metal,Culinary Hyperversity,Necrophagist,0.291,0.98
6bldg6B5SIW9kjp5XdDTcQ,death-metal,War Master,Bolt Thrower,0.169,0.92
7audyKMpvgzO3ttY1T0ZLJ,death-metal,See Through Dreams,Death,0.233,0.96
61LjDjRh0qXpd5wn24Kw9l,death-metal,Never To Be Seen Again,Deicide,0.11,0.994
0blW0kHeSq3Ach3pH4qLF9,death-metal,God of the Forsaken,Morbid Angel,0.0346,0.963
6VqU0I8OvuB7jq4T4xEJez,death-metal,Descend Into Depravity,Dying Fetus,0.43,0.873
41AzvLDjPhzJL2OTAwObWw,death-metal,The Jester Race,In Flames,0.643,0.981
7zmgGJrQoOOSrkEoJDVeR2,death-metal,Father of the Wolf,Amon Amarth,0.559,0.964
3m3WEYwyS5wCERvc2FWZtR,deep-house,Just Smile For Me,Bondax,0.281,0.674
2vnqqcjcF2EyvWAsKGspcl,deep-house,Can't Find My Baby,Daniel Steinberg,0.52,0.742
6og5fLPMYYwHtmeMpMUzYX,deep-house,Waiting for You - Fingerpaint Remix,Kris Menace,0.393,0.704
6YqTxWVcChGMGcyElk5gvI,deep-house,Over,Hannah Wants,0.437,0.859
5l7Tj988oJOLBGRQN8hiWt,deep-house,"Be Brave, Clench Fists",Leon Vynehall,0.231,0.828
0t3WLhaGEcxanXfk1gal8D,deep-house,The Guitar Man - Original Mix,WEISS,0.494,0.594
7nR3VhNOJW0yJab3fyazA8,deep-house,Loneliness - Original,Various Artists,0.437,0.684
5daYzFYr63Mk4sz7c92PAK,deep-house,You - Steffi Remix,Bicep,0.48,0.817
0BmNEP4GXm3JC6tRLs79wr,deep-house,Ask Yourself,Julio Bashmore,0.484,0.708
6oDVmBRNYzuieJdr6xwVhn,deep-house,Spoons,Rudimental,0.706,0.583
5sJiLlgQKBL81QCTOkoLB5,detroit-techno,Good Life,Inner City,0.952,0.783
01HQWci7BvNBXA4shr4jMg,detroit-techno,Rising Sun,Aril Brikha,0.301,0.729
0vfu73acawlEsZl4EQ3q0x,detroit-techno,Total Pure,Various Artists,0.336,0.587
0EgviF3SRYuARt8IwCMWMo,detroit-techno,Starlight - Echospace Unreleased Mix,Model 500,0.617,0.576
1BJXRMGMdb2f33g1XMUE1n,detroit-techno,Fractual (in),The Detroit Escalator Co.,0.183,0.217
5eVyLVOtekxcVzGHAjY8p3,detroit-techno,The Exodos,Robert Hood,0.0757,0.796
6rhzQ8Wb83YWR6HxuUimmd,detroit-techno,DJ-Kicks Track - (At Les),Various Artists,0.413,0.631
1cPQ1rVXKg5BznmASyFksL,detroit-techno,Glob,Plastikman,0.0343,0.538
2TNbBte9B0vENa06NcX8dz,detroit-techno,Illuminator,Underground Resistance,0.716,0.721
2PBWhOrNS5sIgqNuwyvV4E,detroit-techno,The Crawling Frog is Torn and Smiles,Various Artists,0.0342,0.702
41FS9BeDgtC8aplD0Nh5e1,disco,Hot Stuff - Single Version,Donna Summer,0.97,0.874
6SKwQghsR8AISlxhcwyA9R,disco,Marry You,Bruno Mars,0.452,0.82
5FeuH4LtGxDWkSkhRG47QT,disco,You Make Me Feel... (feat. Sabi),Cobra Starship,0.748,0.857
5lmYpa6EaVAKAlwxMf7q5c,disco,Don't You Want Me - 2002 - Remaster,The Human League,0.961,0.744
5S1yeuswEPofFOCkMFLNLc,disco,Like A G6,Far East Movement,0.715,0.869
5R9a4t5t5O0IsznsrKPVro,disco,Single Ladies (Put a Ring on It),Beyoncé,0.272,0.584
1Hfm2cnD1jjv1Fl7tBGTQW,disco,Bad Girls,Donna Summer,0.968,0.611
766RKRQ1ZJjmdBQ9y54HKj,disco,Animals - Original Mix,Martin Garrix,0.0376,0.866
0tBRo4P60DgKmg4jt48upm,disco,Bumpy Ride,Mohombi,0.826,0.854
6aGjEZ7kq3YXgD0EDt80O5,disco,Live While We're Young,One Direction,0.936,0.837
7smCjIc7MoUM4ay55LQrdu,disney,Rock Star - From “Hannah Montana 2”,Hannah Montana,0.626,0.945
2DigoxQc8wN6JL2TtSHJdH,disney,"Wedding Announcement - From ""The Little Mermaid""/Score",Various Artists,0.137,0.0795
5yyqx4brn6Bm9U1Rj9ENnz,disney,"Touch The Sky - From ""Brave""/Soundtrack",Various Artists,0.33,0.641
7JIvgoalTwUz528BVYXBto,disney,Topsy Turvy,Various Artists,0.351,0.493
0vHo9ytMuFBpAYRnof7TOf,disney,The Lion Sleeps Tonight,Various Artists,0.764,0.874
6ZP66zQZjwN1P0QWR9fdSP,disney,Main Title (Love Is a Song) - Soundtrack,Various Artists,0.0936,0.184
7egiYyTeKkzTxymVo0mPj8,disney,"I Wan'na Be Like You (The Monkey Song) - From ""The Jungle Book"" / Soundtrack Version",Various Artists,0.783,0.42
3vsI69wcleZR40ooqWAot6,disney,Woody Bails,Randy Newman,0.0378,0.144
4T9Jpft8jvZAP57aE3VdCt,disney,"Down in New Orleans - From ""The Princess and the Frog""/Soundtrack Version",Various Artists,0.705,0.676
6LiwSylyzXNHuCmvvGQ6pm,disney,Stay Awake,Thomas Newman,0.0367,0.0993
7D2ckNxoPXrFDJwIzvDMJP,drum-and-bass,Transporter,Logistics,0.135,0.738
1cSNuvV33332rYEx8L9rqJ,drum-and-bass,I Can Feel,Various Artists,0.0394,0.878
0sYPHhcTVJuTpP6q2Vtcap,drum-and-bass,The Lights Within Her Eyes - Nelver Remix,Various Artists,0.562,0.896
2YFqEDwUMHAfp8mG61nIjT,drum-and-bass,The Siren,Bungle,0.226,0.804
428W4pYWS8XPHay6tPtQpB,drum-and-bass,Days Of Rage - V.I.P,Artificial Intelligence,0.446,0.912
7Hlhb6SLS8q6pH7ZkJ88gQ,drum-and-bass,Midnight Express,Dieselboy + Evol Intent + Ewun,0.211,0.931
6zshd6W0i5Z17h7519saa4,drum-and-bass,Epilogue - VIP Mix,Various Artists,0.213,0.98
07MQv28dglZnzTS1bszk0p,drum-and-bass,All Over Me,Aphrodite,0.469,0.762
6Mj3zlcNjcQRGmwoWU9uRS,drum-and-bass,Feelings 4 U,Mutt,0.911,0.816
13K6MvYbv9ANqfGmql7m9N,drum-and-bass,Avalon,Maduk,0.194,0.748
54Og8bEQGpIm2IeZ04D1FK,dub,Total Fascination,Pretty Lights,0.42,0.8
2YfVXi6dTux0x8KkWeZdd3,dub,Rain,Blackmill,0.197,0.545
5f6igUw1asUL4AGXSvgTW8,dub,Levels - Skrillex Remix,Avicii,0.346,0.91
0vqwAyVGZJb1AqU5mNDS5t,dub,Whole Lotta Love (Dubstep Remix),Various Artists,0.535,0.726
2KlZexJjJPuNWcN5uAG1GU,dub,Gold (feat. Yuna),Adventure Club,0.189,0.675
2uM8EuKY4FjY8n2JcENJfM,dub,Superliminal,deadmau5,0.0365,0.617
3NpICsYJo3JkBia9Dj5noT,dub,Kiss My Lips (feat. Dev),Borgore,0.596,0.925
4rwpZEcnalkuhPyGkEdhu0,dub,Scary Monsters and Nice Sprites,Skrillex,0.324,0.944
0Ff0IZy22ygaykCe2iAG01,dub,All In,Dubba Jonny,0.547,0.921
0oOxvJK76K0439kSZFcE22,dub,Firepower,Datsik,0.0394,0.83
1r5D9flMN91JOOWf8oPaXq,dubstep,Space Blasters - Original,Dubba Jonny,0.304,0.826
22qHwXQaDP9BoZUQmWHTFA,dubstep,Overworld - Original Mix,Savant,0.486,0.809
3H25APFLbS8WnpcaTnKWnu,dubstep,Call Your Girlfriend - Feed Me Remix,Robyn,0.597,0.88
5szziZdu4UcIJX7aZGWI1d,dubstep,Subsonic,Excision,0.299,0.748
4DqvFOvWWRCqCwyNqvHuAv,dubstep,Universe,Various Artists,0.294,0.88
1yt5V0Nv3lIDtaseaRNM28,dubstep,Take Me To The Hospital - Rusko Remix,The Prodigy,0.279,0.752
4z9Eob4C20jeb1LwLv2sCF,dubstep,Your Mother's Got a Penis,Goldie Lookin Chain,0.779,0.875
0GZrf19S4472ysky5ODe2c,dubstep,Hush Now (501 Remix),L.A.O.S,0.0734,0.816
74XJOhHihLUU9B9cCF5Qgz,dubstep,Ninur - Original Mix,Savant,0.699,0.707
7jJRZLZoRpSuR9DPh4SFPz,dubstep,Rewel,Various Artists,0.118,0.81
1BU4p95YjXuvCCRscALuxv,edm,L R L,Lazerbeak,0.281,0.925
28hs4m9Uf0M9lyO4qV3WnX,edm,Babes Anatomy (Adam's Lambaca Remix),Adam L. Kid,0.602,0.803
4SQfQuxYQx8DJQB88sQmVT,edm,Bigfoot - Dillon Francis Remix,W&W,0.18,0.907
4n0isQrD9b9lOoSs7zKogy,edm,Youth (Adventure Club Remix),Foxes,0.254,0.71
3QVteHLWhYhBWe7cX2fgev,edm,I Can't Stop,Flux Pavilion,0.205,0.775
4HRhCGyBhUSP9FIPvokPNL,edm,Dynamo,Various Artists,0.0866,0.906
7IaecDGUsRDMlQ8fS2seW6,edm,Sky High,Big Gigantic,0.409,0.814
2Hq2mIgRfj60J321GueeJT,edm,Puppy,Netsky,0.856,0.727
5A37UCV7aPjhp1RSocVBfc,edm,I Can See It In Your Face,Pretty Lights,0.534,0.938
1RJZLVGpBG9nNZiHRQSWTp,electro,Recess,Skrillex,0.132,0.93
156oozyC0SdsnMrNnvMQQ1,electro,Omen,The Prodigy,0.529,0.954
7Ay8Qdrvu0htVl7CkqTYAi,electro,DVNO,Justice,0.672,0.924
61ChYyL3Cpo3V1LBdxQycG,electro,Fransk And,Analogik,0.657,0.651
1CcS1yrulOFPXYk7NVKAm2,electro,Flashback,Calvin Harris,0.158,0.95
4IkgcBeRd6R8MJgdYWg4te,electro,Midnight City [Eric Prydz Private Remix],M83,0.351,0.854
2cmRpmO04TLaKPzmAzySYZ,electro,Dance Yrself Clean,LCD Soundsystem,0.794,0.611
4HMsMPCRJ0RRtmVNiR20z2,electro,Courtship Dating,Crystal Castles,0.708,0.575
3yitiXJG14YtXXPFVoNvb1,electro,I Remember,deadmau5,0.59,0.679
2tW2Kn1IGFFVfRVnQE2UaQ,electro,In My Mind (feat. Georgi Kay) - Axwell Radio Edit,Ivan Gough,0.376,0.831
4RahtE3jOvD8dSmNew6Q7t,electronic,Modern Driveway,Luke Abbott,0.434,0.401
5OWhFeNXZ2RGbsGpl3rIc3,electronic,Da Funk / Daftendirekt,Daft Punk,0.546,0.859
5Muk08hnvAKtf0MDHqIq5j,electronic,Hold On - Sub Focus Remix,Various Artists,0.0393,0.931
2HHiH52OPxe8qyVO7N4uH7,electronic,Bad Blood,Bastille,0.94,0.777
0lEwO2YMAAMS9yA7mRm2Qj,electronic,Skrillex Orchestral Suite by Varien - Bonus Track Version,Skrillex,0.0673,0.479
028hSLkHArNGP0EUmIOfLB,electronic,In the Same Room,Julia Holter,0.108,0.327
7sCIdsYQ8Nxoj6TjB1Eb7P,electronic,Toulouse - Original Mix,Nicky Romero,0.266,0.91
1CjPksPqtISBIWkxb9Xj75,electronic,Give & Take,Netsky,0.518,0.841
5zG4pMcM2QILFOFL3Y3ZMf,electronic,"Revolution (feat. Faustix, Imanos & Kai)",Diplo,0.309,0.724
2pONuBYwWrNm9jcJH6hmPc,emo,Sleep,My Chemical Romance,0.152,0.952
5m91YNwgPcZ1F5dSnQwX5A,emo,The Layers Of Skin We Drag Around,The World Is A Beautiful Place & I Am No Longer Afraid To Die,0.437,0.702
4oxHTcJaYcFYpYNRFD3tyc,emo,Greener with the Scenery,The Used,0.281,0.88
5rH5kb3vapjDifLxgK3P4Q,emo,Calm Americans,Elliott,0.276,0.937
1o25vqLcw3JRHgLrGJ3DWY,emo,Pheurton Skeurto,Sunny Day Real Estate,0.344,0.12
0CDoBeiDAnR2wEvn0ejs7Z,emo,Carolyn,Black Veil Brides,0.489,0.857
4xSVkbqCz1xaevkjP8xXL5,emo,"There's a Good Reason These Tables Are Numbered Honey, You Just Haven't Thought of It Yet",Panic! At The Disco,0.653,0.737
6bVYfzZxDrC4BSqVhYJFGt,emo,Something That Produces Results,The Early November,0.52,0.819
74HsNf2R9s09gpib6m9nbz,emo,Do You Know Who You Are?,Texas Is The Reason,0.0347,0.651
6p4jnIWFWyLz0zUo2RD9iu,emo,"Baby, You Wouldn't Last A Minute On The Creek",Chiodos,0.0974,0.908
01nW6MdZU2KYjkYovWpjq6,folk,The Story I Heard,Blind Pilot,0.502,0.443
7IPHxRDKjb2yJY8d4laG9g,folk,Sarah,Ray LaMontagne,0.73,0.473
0b1fVeBO4Zi8LsbDhXZDIB,folk,Lai Lai Hei,Ensiferum,0.536,0.846
1JxNWpK9xTWKRPoYTIX4Qk,folk,Another Story,The Head And The Heart,0.121,0.447
0n65KS7CvnxX59uLGYcQGp,folk,Hymn #101,Joe Pug,0.28,0.343
37LoKuV4PWzrtFicRNldtw,folk,In the Yard,Bowerbirds,0.239,0.496
5tePn9lOIMHfFaqoTxFrio,folk,"Down To The River To Pray - From “O Brother, Where Art Thou” Soundtrack",Various Artists,0.549,0.166
7raciFPVU5VuHmqVbw2c1h,folk,"Puff, the Magic Dragon - 2004 Remaster","Peter, Paul and Mary",0.469,0.143
25J4d78ESH2MgAJoIakB8O,folk,Lost In The Light,Bahamas,0.246,0.267
5Z1U0knfYnsfvZycgDeOiC,folk,Big Jet Plane,Angus & Julia Stone,0.273,0.387
1223HeVt1vt6l7pvIr7WIA,forro,Falamansa Song,Falamansa,0.851,0.578
1LQOmoSYlt3CLD7ZtDE5dB,forro,Cabecinha No Ombro,Various Artists,0.965,0.857
0oGbLhLanc7oZt7ggbvqk0,forro,De Mala e Cuia,Trio Virgulino,0.967,0.71
0zeEoRA3va6uehthWjZ828,forro,Jogo de Palavra,Banda Magníficos,0.946,0.67
31HJZsz8kGih7gBEPCozWk,forro,A Aranha e o Tucano,Bonde do Forró,0.956,0.918
6FBLWUcYplq1C8HtepJBVH,forro,Se Renda - Live,Cavaleiros do Forró,0.851,0.812
6MAom7UZcwDceJp0rNF9tb,forro,Forró Lunar,Alceu Valença,0.67,0.717
6aCKJfo3Hd1QHDa2jyLFiD,forro,Minha Gata,Falamansa,0.823,0.532
6IILhT336VZJ9iE0mfuW9n,forro,Entre Tapas e Beijos (Ao Vivo),Banda Calypso,0.936,0.763
59JveLo6fZNOY0qWytL7qd,forro,Língua de Jacaré,Baião D4 / Rastapé,0.833,0.809
6CoPUSprcR6SWrPboNhtgO,french,Kiss Me Forever,Julien Doré,0.947,0.697
4WnEirPtoKkKT11VXJF72O,french,La valse des monstres,Yann Tiersen,0.921,0.278
4QMYHcgIDWfd5k2wN7q7vi,french,J'reste debout,Sexion d'Assaut,0.448,0.582
441lLH0Powp4oDOHKTTne3,french,Je ne veux qu'elle,Marc Lavoine,0.462,0.621
6w548oLk6lVArwnW4ze9fx,french,La maison près de la fontaine,Nino Ferrer,0.18,0.302
6qbieXHVuCIIlzi55j6E5i,french,Quelques mots d'amour - Remasterisé en 2002,Michel Berger,0.349,0.528
19mJa656RFrwENvbekgpJg,french,Le paradis blanc,Véronique Sanson,0.47,0.52
5HQVUIKwCEXpe7JIHyY734,french,"Young, Wild & Free (feat. Bruno Mars)",Snoop Dogg,0.531,0.655
53sQS8dKejGlU8FlyHdex7,french,If,Étienne Daho,0.917,0.501
5XW0ql5hQb2KhAWj5FO0zp,french,Chanson De Maglia,Serge Gainsbourg,0.232,0.224
7BaCmGzaj4tzJkPT2JhkxO,funk,Workin' Day And Night,Michael Jackson,0.849,0.963
1uxzFavoQSzR6NhzeSbHdM,funk,I Wanna Be Your Lover - Single Version,Prince,0.83,0.442
4Gg7js0Xz6yvnTc3QkWkTu,funk,Shake Your Rump To The Funk,The Bar-Kays,0.784,0.907
0BRETWVsgLUOyuw1GQdhiG,funk,Fire on the Bayou,The Meters,0.975,0.61
7cnWNeQIQutKJmL3MZSfr6,funk,Do It Like You Do,Lettuce,0.835,0.525
2k7ysbG2zy03fCZOax5HjJ,funk,The Cisco Kid,War,0.961,0.858
4XsH9zBWPOCdXoH9ZDdS8r,funk,Superfly,Curtis Mayfield,0.748,0.708
4BO3iUMPSAgFmZ30MV8rBO,funk,It's Serious,Cameo,0.947,0.775
6CSLNGruNhqpb5zhfs5n3i,funk,Celebration - Single Version,Kool & The Gang,0.931,0.656
7723JnKU2R15Iv4T7OJrly,funk,Funky Town,Various Artists,0.342,0.63
4DVBeBlL8kPKfa6mtisXUB,garage,Here's To You,Jamiroquai,0.899,0.674
7KQZBdMidJBntkaUGdGpIy,garage,Tidal Wave,Thee Oh Sees,0.447,0.952
6QyBIZEvs11K9lKjyLYtv6,garage,Take It Off,The Donnas,0.333,0.951
4oCViHsu4ASw3Oc8jGXYfA,garage,Suzanna,Various Artists,0.863,0.77
5liQj4sVRmEEESvvcb64o8,garage,Wearing My Rolex - Radio Edit,Wiley,0.755,0.716
3OT9v6TN4AoK8kwIcaXIDy,garage,Out Of My Mind (Into My Head),Various Artists,0.359,0.846
4Fk2QhHlQPYnubYKSCoEW6,garage,Closer Than Close,Ibiza Dance Party,0.86,0.661
2nCv0Z5IcDpSRTXJkkSZyn,garage,Rydia - Artful Remix,BASECAMP,0.931,0.783
6PyKaJdDKzI7MpTLas18cm,garage,You Always Start It,Rupert Taylor,0.624,0.766
6MoMGNgl3vDKZ3IQaHUvjr,garage,Gabriel,Various Artists,0.428,0.422
5oqdSgWmxas8MpZIljjyuj,german,Topmodel,Massive Töne,0.965,0.655
37cWfmxcxJ91gO4v6nX7wS,german,..Hab' Gehört..,Samy Deluxe,0.808,0.776
3bidbhpOYeV4knp8AIu8Xn,german,Can't Hold Us (feat. Ray Dalton),Macklemore & Ryan Lewis,0.847,0.922
3MgBuZMqKF4k0LjZniiwkh,german,Schlechtes Vorbild (Original),Sido,0.948,0.585
4NKOW2fYIMQlyee3DoJfGT,german,I Love You,Woodkid,0.485,0.814
5TPbPhLYX9OeQO82qnIEEC,german,Keine wie du,Laith Al-Deen,0.609,0.606
6nHTgckNJCnOTwOkO3rr28,german,Monsta,Culcha Candela,0.961,0.782
1CFlJNhfG6P3zqwxCR5yoP,german,Vive La Danse,Bosse,0.239,0.86
7Jwe4iWB1G6c7TE7fRedrm,german,Animals - Radio Edit,Martin Garrix,0.0378,0.923
0WY0cXN1PBlx3AVyMysnlf,german,Forgive Forget,Caligola,0.902,0.935
4E2ee31GFRRnsDBQggiqnC,gospel,Every Praise - (album edit),Hezekiah Walker,0.327,0.746
1aexdhE8yIMNnRGZ1cCufU,gospel,Great & Mighty,Smokie Norful,0.604,0.758
4YtLMwpcq7pr1yFdi0zHNh,gospel,Show Me Your Face,William McDowell,0.244,0.411
3x8wKKVLz0JxW5rF5jD8aC,gospel,The Moment #1,Kirk Franklin,0.333,0.301
3lO7pZnofGE8rrGBzgJewI,gospel,Encore,James Fortune,0.322,0.409
4um6ZMnib1I7VuG3c6jGm5,gospel,Open The Eyes Of My Heart - Live,Michael W. Smith,0.207,0.568
5hNEZnDEoAM7i7L0hgfYop,gospel,Bless The Lord - Live,Tye Tribbett,0.501,0.938
4mzm2S7WzWJWcTVEut18rB,gospel,He Reigns,Various Artists,0.655,0.653
3nAL7SbBrEUcDGDAQofFfG,gospel,We Are Victorious (feat. Tye Tribbett),Donnie McClurkin,0.583,0.886
3MxdZ9nueFtSvMbaUD9Bga,gospel,Glorious,Martha Munizzi,0.465,0.938
2VjUuH5oHCRDQRD0fwB1Jc,goth,Blood Money (Remastered),Sisters of Mercy,0.398,0.857
38SV38tD0W23lIMTTgUwTA,goth,In a Manica,Sirenia,0.326,0.718
6VjoTzquBIpRaokpoNs5Hf,goth,Now & Forever,Xandria,0.301,0.831
3T342zupwuBmCbG63WZQ8n,goth,Anima,Epica,0.49,0.144
70XOzn4IstIYPGpcgTFJd2,goth,Call The Ships To Port,Covenant,0.545,0.892
5W37qNb9oL9jjRQgHDZ7wT,goth,Kick in the Eye,Bauhaus,0.851,0.561
3q8Ik72lK83bq1wS0EZ8bG,goth,Deep Silent Complete,Nightwish,0.48,0.876
0Cdp9QsQP2gxZ7pYmPfXzy,goth,Fragile,Lacuna Coil,0.155,0.789
6BuuV8ukEz8M7bWE1dE6JS,goth,Pretending,HIM,0.329,0.842
1Twr9ElGR91uhIiJtiLyVI,goth,Fire Woman,The Cult,0.446,0.85
4HZL7TB7pqb6UqCKYjLWKF,grindcore,Weltschmerz [intro],Napalm Death,0.432,0.826
4sSgjHxShWrL2yLa12d9au,grindcore,"Feed Them, Kill Them, Skin Them",Nasum,0.372,0.984
0zTCYTq24Y0VhZPUQNqXQ1,grindcore,Semiconscious Godsize Dumbass,Wormrot,0.029,0.998
3emYDV9pAbquacajcGREMp,grindcore,Discharge The Fear,Lock Up,0.0391,0.996
2gFvhppFeZHCI0EzIEk0ty,grindcore,Polarized,Carcass,0.537,0.959
6OZhp1Y1fq2YG0hmdTPz8e,grindcore,The Color of Blood,Misery Index,0.104,0.992
5bnAezPxDDlCc55HjiwFWr,grindcore,Kill Theme for American Apeshit,Agoraphobic Nosebleed,0.109,0.999
5AhdPgsBvLQyVxiKjt9FRW,grindcore,The Underground Man,Pig Destroyer,0.0771,0.995
40RVdsIa0spa9Ihu98WRCm,grindcore,Dementia Access,Napalm Death,0.0748,0.988
0CvNkWo1JjCxVRQkv5JRgM,grindcore,Small Talk,Brutal Truth,0.0363,0.992
3WK92NLmP1P4v5N0Y2yGm8,groove,Stand By Me,Various Artists,0.629,0.183
7Bp898e0U9IReLs2oKC7G4,groove,Sweet Dreams (Are Made of This),Eurythmics,0.894,0.51
3ehfSaIR7ogHEBlOZGb2ul,groove,I Say a Little Prayer,Aretha Franklin,0.508,0.255
5zCJvrT3C7cIfHsR5iG95l,groove,Lean on Me,Bill Withers,0.413,0.235
6YHpaawV0C88rwt2bQE6jV,groove,Toy Soldiers,Martika,0.199,0.441
6dBxo0bBZ3bYQBcW9SiHZF,groove,At Last - Rerecorded,Various Artists,0.382,0.141
5QVX213rGhKaNwJPVJnHw4,groove,Celebration,Various Artists,0.96,0.875
0Xkpd7bkBgElzlFEoxrRwd,groove,Build Me up Buttercup,Various Artists,0.922,0.814
2N5x1dQUiWbgHBGDz9P6lr,groove,Love and Happiness,Al Green,0.736,0.412
3AgvZyLH4sWkII5bnU80aQ,groove,I'm So Excited,The Pointer Sisters,0.924,0.7
0MT5qQGn8jC7KVGitkP2ZD,grunge,Mood For Trouble,Soundgarden,0.243,0.603
2Pt1cYWDZVMpGETeTWl6Tn,grunge,Mudride,Mudhoney,0.269,0.883
3g9QJOXLmC8lWnbvA0D0hl,grunge,Last Exit - Remastered,Pearl Jam,0.672,0.951
6AZg0e6Hq9s8a10jnQC8PS,grunge,Man Of The Hour,Various Artists,0.0791,0.283
6heaWvOwtcbvjd4sXb73qB,grunge,The Man Who Sold The World - MTV Unplugged,Nirvana,0.374,0.711
3ph1khLfJVcVnaVvJRjlCo,grunge,Body,Bush,0.135,0.816
3RciEQxS7PxtLqMs7OwRsU,grunge,Stand Inside Your Love,The Smashing Pumpkins,0.381,0.759
49pZEyqCtOShtAdduKbGM6,grunge,Sugar Kane,Sonic Youth,0.345,0.853
6rBgysDXImbq8b61tzVWSn,grunge,High and Dry,Radiohead,0.352,0.383
1B45KRIxXBnKosy2OGvPEJ,grunge,Pushin' Forward Back,Temple Of The Dog,0.769,0.93
6XIQe8CyDYFHN0iCjfRIuj,guitar,Cryin',Aerosmith,0.498,0.828
0hKtqHVkSvlVRMJ00M9d56,guitar,Nemesis,Arch Enemy,0.207,0.951
473dVAB97y06dfl6OBb1uj,guitar,Talk Dirty To Me,Poison,0.628,0.951
6CSEXXAg0IN9ZnEfhzDyh1,guitar,Motivation,Sum 41,0.853,0.887
5JKifvL0EUMdEScCzKbbOv,guitar,For My Father,Andy McKee,0.39,0.362
0B6uxTg34PpMBFhA4fKsAU,guitar,Fury Of The Storm,DragonForce,0.197,0.911
3clIHVzJ9J2rvvrFUKLICo,guitar,She Bangs the Drums - Remastered,The Stone Roses,0.672,0.976
1Dr1fXbc2IxaK1Mu8P8Khz,guitar,When I Come Around,Green Day,0.814,0.909
3pgFyF7tuN1hIx9DeOaeY2,guitar,Freya,The Sword,0.436,0.867
14fmbvjYLqRZEXz1VZdM2M,happy,We Found Love,Rihanna,0.609,0.74
23NPGXlSaIqWzvxIRhM2oG,happy,Under the Bridge,Red Hot Chili Peppers,0.513,0.49
3jZomvOBa5qfTo5HkqI1p5,happy,One Way or Another (Teenage Kicks),One Direction,0.409,0.867
5Fli1xRi01bvCjsZvKWro0,happy,Houdini,Foster The People,0.764,0.908
3oL3XRtkP1WVbMxf7dtTdu,happy,The One That Got Away,Katy Perry,0.864,0.792
12Ns5IphkblPmHxpRILG9t,happy,Don't Wake Me Up,Chris Brown,0.206,0.691
3X7abqSXC4xrxuC1ykpWcY,happy,Livin' On A Prayer,Bon Jovi,0.815,0.882
5zF2zGPkL6Ipsn9AfAK6RP,happy,This Love,Maroon 5,0.78,0.868
5Z7ygHQo02SUrFmcgpwsKW,happy,Wild Ones (feat. Sia),Flo Rida,0.45,0.889
1iMq1SKpMAfEDl7yh9g70j,happy,Work,Iggy Azalea,0.512,0.814
4KaHvV6CcOI9F0WDdToZdv,hard-rock,It's My Life,Bon Jovi,0.488,0.936
5GiIkuoiTc3VNPBarlIwc5,hard-rock,Alone,Heart,0.147,0.685
7F8JbSCPBXm3IxMx2UMMhH,hard-rock,Eye of the Tiger,Survivor,0.556,0.599
65WuSOl0mx1FhHgQub0uEX,hard-rock,La Grange,ZZ Top,0.52,0.532
2FnygaA2lW1hSXKaUyPyjP,hard-rock,Tom Sawyer,Rush,0.637,0.804
7txxAtOMwLLnQTpKeBL6bp,hard-rock,Mother,Danzig,0.342,0.763
4vO9dmzNRqDhFY3jD1a3P7,hard-rock,Mississippi Queen,Mountain,0.637,0.624
61nSbxyL6VRPp32AMscxiF,hard-rock,Crazy Train - 2002 Version,Ozzy Osbourne,0.603,0.902
1Ll8UuomlZEhuZYLxUz09J,hard-rock,Here I Go Again,Whitesnake,0.268,0.666
1qlRSRaD3Hb5lfzcAs0Ev1,hard-rock,Carrie - Single Version,Various Artists,0.144,0.524
0khj70h8pejNRukEhOn86O,hardcore,In the Belly of a Shark,Gallows,0.149,0.998
1EGL3sNW7d4LQLhmLCuD6V,hardcore,Brothers,Defeater,0.339,0.561
41ZlE6i2wC5hz1ok6q3nqE,hardcore,No Way,Adolescents,0.207,0.98
19LD3gNMZgG6L0T3AQxMBH,hardcore,Waste of Time,Madball,0.235,0.972
4MGN5la8tzZ4W1ON0yecym,hardcore,Roadside,Rise Against,0.193,0.367
28CzlFHHxBf68YfOPqm8O2,hardcore,Go Nowhere,Reagan Youth,0.709,0.545
5dpeG993NwLzZ4jZkrRcos,hardcore,Flesh and Blood,Trash Talk,0.288,0.943
6lppv0IlPf4l11yR6wRleP,hardcore,Fascist Pig,Suicidal Tendencies,0.591,0.855
6Dbhah7ZoLdKyauvDl3qXL,hardcore,Self Destruct,Adolescents,0.208,0.986
5lgVn4wzN65nBVm3Vce9IO,hardcore,Pushed Too Far,Sick Of It All,0.606,0.995
7jBih1ke6mLZI0BpFxGPzQ,hardstyle,Anger,D-Block & S-te-Fan,0.119,0.976
4DeRRVWtl1xJljCNaGbQHw,hardstyle,Subsonic (Hardbass Edit) - CD Version,Headhunterz,0.104,0.949
0nbmSGAnSnBqCa1VlbGVGT,hardstyle,Never Say Goodbye (feat. Bright Lights) - Wildstylez Remix,Hardwell,0.329,0.946
0eMaT355ql5YzRhSVK6fRs,hardstyle,Do What I Can't Do - Original Mix,The Anarchist,0.662,0.996
7rJrooCgnik6iYPWxwd7LE,hardstyle,Have You,Noisecontrollers,0.241,0.932
5irdIdByIFwZmKQroXthHV,hardstyle,Imaginary - Edit,Brennan Heart,0.287,0.594
5krlUFIVCIUt2xOin3rybu,hardstyle,The Sound Of The Underground - Da Tweekaz remix,DJ Isaac,0.557,0.997
0OL3rimCyRwb7XIvZr9ch7,hardstyle,It's All Confusion - Original,Ambassador Inc,0.17,0.841
5fiQg5xPHHMyDAXy8uGYBH,hardstyle,Mammoth - Coone Remix,Various Artists,0.0987,0.946
5M2urKCPnhOPNeGCi6Jm9W,hardstyle,Wake Up!,Brennan Heart,0.0893,0.668
6rkeaQRCWZxwkjhyqgxjXi,heavy-metal,Mouth for War,Pantera,0.627,0.954
3w9zHVKI28aUPZTxq8oDC6,heavy-metal,Electric Eye,Judas Priest,0.361,0.948
2Mn3w07L3IYR8LpnjGBZx6,heavy-metal,The Pentagram Burns,Satyricon,0.41,0.956
4IvWcj0ZS0nGZKuykTPolm,heavy-metal,Punishment Through Time,Paradise Lost,0.228,0.934
7iWTV4w2vTse1o83uqYeu5,heavy-metal,House Of Sleep,Amorphis,0.365,0.864
0gAV3a4d7PPkXo1E9KLmxF,heavy-metal,Divergency,Born Of Osiris,0.165,0.981
3qVSqmrEt15Ng8L9tRPOPl,heavy-metal,The Racing Heart,Katatonia,0.0833,0.397
2QXQcu9tr0IRkxe80JVSnF,heavy-metal,Combustion,Meshuggah,0.502,0.997
1aPQhwQfYSYM81SVDeC92T,heavy-metal,Wild Child,W.A.S.P.,0.406,0.897
2SQ0pYTVQvaxGYCQveG54K,heavy-metal,The Primeval Dark,Insomnium,0.23,0.878
04Rz403IY7QUqgfrTWX6OU,hip-hop,Da Graveyard,Big L,0.646,0.757
49zD0wr2S3d0lZPib0K4e1,hip-hop,F*ck Up Some Commas,Future,0.46,0.568
6KBYefIoo7KydImq1uUQlL,hip-hop,Bodak Yellow,Cardi B,0.485,0.703
6rje9f1wRFJDO2iTORw0lH,hip-hop,I Know,Big Sean,0.267,0.334
1jQvUmf16VE9WQCPuK2e8K,hip-hop,STOOPID,6ix9ine,0.832,0.63
1xIxMz1sNQ4b6svH1GuTtF,hip-hop,Gimme the Loot - 2005 Remaster,The Notorious B.I.G.,0.68,0.662
66Q3fAmSX5eHamgbKa9alP,hip-hop,Real Friends,Kanye West,0.124,0.744
1rlIrbWboTRGeKfHhgbJRZ,hip-hop,FLIP THE SWITCH (feat. Drake),Quavo,0.496,0.637
1DTuA87dyw72Sn9bldhp2z,hip-hop,Nobody Move,Eazy-E,0.714,0.747
6eAIynPK19mHRypXB26o6X,hip-hop,"Guillotine (Swordz) (feat. Ghostface Killah, Inspectah Deck & GZA (Genius))",Raekwon,0.809,0.728
6Y1G7BEpIrerjrDeXhOSuz,holidays,What Child Is This?,Various Artists,0.168,0.276
0KNTX0SUKcFbGYstRsJkVY,holidays,The Little Drummer Boy,Henry Mancini,0.223,0.131
2f9RwcJVBMPDPxdcHWVwZl,holidays,Jingle Bell Rock,Wayne Newton,0.811,0.549
62vkF7SG6XsTMb1zvXocMf,holidays,Rudolph the Red Nosed Reindeer,Various Artists,0.719,0.157
0aFvbvf7DYBmIY8YBOvVZQ,holidays,God Rest Ye Merry Gentlemen,Canadian Brass,0.161,0.0932
4CsqIL3lAQoJhXlVtq9IUH,holidays,"Let It Snow, Let It Snow, Let It Snow",Various Artists,0.646,0.303
7GOKjBRhVKGzqgbFt3qI5e,holidays,Nuttin' for Christmas,Various Artists,0.892,0.202
6y8vYcoVOBmSYBT626p0bz,holidays,The Christmas Song,Joe Williams,0.241,0.0984
4Z3xfHt6XO7UBQnFIGNKsd,holidays,,Various Artists,0.955,0.79
0PxMHZoeyyTdyOBBUkRbcr,holidays,Rudolph The Red Nose Reindeer,Spike Jones & His City Slickers,0.682,0.464
7qbXjglPXSQW4mNYP3Yk93,honky-tonk,Seminole Wind,John Anderson,0.171,0.649
5qYiVdWxd84wRWGIQ9Hts6,honky-tonk,As She's Walking Away (feat. Alan Jackson),Zac Brown Band,0.374,0.619
59FhRUTbBuT05t8w1dvWLI,honky-tonk,Over When It's Over,Eric Church,0.842,0.531
5U2uhwJseYO7eH5nEwPb8z,honky-tonk,I Fall To Pieces,Various Artists,0.538,0.376
5pQtfVIaQvINzl0XIGKNrC,honky-tonk,Redneck Woman,Gretchen Wilson,0.74,0.847
7xJqaCgeteqWPogqjjxkBl,honky-tonk,American Saturday Night,Brad Paisley,0.733,0.938
6Xx0F7znbLmbISbquFZLXM,honky-tonk,Vem vem vem (Shame Shame Shame),Lasse Stefanz,0.806,0.63
02eD9ymfJOJOhM97HYp5R9,honky-tonk,The House That Built Me,Miranda Lambert,0.206,0.3
13Oda4GsHXzRAfquxWkrzA,honky-tonk,Ladies Love Country Boys,Trace Adkins,0.96,0.959
3xm4v1MDlEuBOaqs7CtmUA,honky-tonk,He Stopped Loving Her Today - Single Version,George Jones,0.43,0.195
1FH7KpARzvcRXZZm2RNdse,house,X You - Original Version,Avicii,0.189,0.725
5PqQiSmjGTYyLSzBFbQWse,house,Arena - Original Mix,Tiësto,0.339,0.901
03fAVei89vxfO70FuLMrfc,house,Crackin - Martin Garrix Edit,Bassjackers,0.165,0.885
0CAe967pgRZUQpYXHtzRBn,house,Calling (Lose My Mind) - R3hab & Swanky Tunes Vocal Mix,Sebastian Ingrosso,0.0746,0.671
6PtXobrqImYfnpIxNsJApa,house,Bad (feat. Vassy) - Radio Edit,David Guetta,0.411,0.972
5vQIaNoKsT4xkG1j2KFBFs,house,Gold Skies,Martin Garrix,0.209,0.815
4eUMbFJ6l8UogwBENovA4v,house,Chasing Time,Vicetone,0.462,0.818
4Xfzxodo4EqR4Otxo3cc2g,house,DNA - Calvin Harris Remix Edit,Empire of the Sun,0.337,0.884
3qC3qmZNDXu62hc8YbhWsy,house,Dear Boy,Avicii,0.253,0.581
092dz2yORKaJpC05ZlN9ME,house,Thunder - Original Mix,W&W,0.228,0.884
5D7jl5qqynjNZZEiy4KQ2b,idm,Hey Saturday Sun,Boards of Canada,0.408,0.659
7GtTrKSTX2Sgom8nKp7cDu,idm,Hy A Scullyas Lyf Adhagrow,Aphex Twin,0.663,0.476
4miEA9U9PZKBYryATLzCKC,idm,Hasty Boom Alert,µ-Ziq,0.215,0.858
4pdhI6RaBHDealxeBiTZuD,idm,Deauville,Arovane,0.0551,0.334
24CqnsFOPGCZCRVVJlXoqs,idm,Angel Echoes,Four Tet,0.182,0.536
2BW9Mjk8pz9qDN9zJaeCO9,idm,Aaron2,Venetian Snares,0.362,0.98
1GaiiQWVhb6c8zNLaqFDlG,idm,Analogue Bubblebath,AFX,0.0366,0.693
3JdvEIcI6e6Ovi7bGJO1b1,idm,Cow Cud Is A Twin,Aphex Twin,0.663,0.648
5XXpEMHnc2mvysbotodu5N,idm,Riot,Flying Lotus,0.415,0.949
0hH9vRx4gYBYNQT60L7ejh,idm,Autriche,Autechre,0.135,0.434
6N7FhKX06WBDXd8LEOSWSC,indian,Chane Ke Khef Mein,Chane Ke Khet Mein,0.869,0.681
0fhtqtSdgl6MmGJT4eBOt7,indian,O Mere Khuda (Dance Mix),Atif Aslam,0.89,0.89
1hiymB0nRJQQ661XjVRNzP,indian,Chhabeela,Monty Sharma,0.841,0.717
1y6xB8iC1gn8YQxLPeXbup,indian,Man Baawra,Rahat Fateh Ali Khan,0.192,0.527
51f7aDaCsjcTyo1sQoMhdN,indian,Ae Nazneen Suno Na,A.R. Rahman,0.512,0.435
33bqU5DTpKSVZ6fNE9G2oh,indian,Saagar Jaisi Aankhonwali - Saagar / Soundtrack Version,Various Artists,0.438,0.415
0qPyLtRMuDc5wJ2Mfrm9HN,indian,Bolo Ta Ra Ra,Daler Mehndi,0.915,0.839
1wDmuP1rMYe2E1amlyodBk,indian,Chak Glass,Imran Khan,0.93,0.8
6NPVjNh8Jhru9xOmyQigds,indian,Happy,Various Artists,0.962,0.757
7N36VxuNR5wFAlt0mD6Xgr,indian,Yeh Dil Deewana,Nadeem Shravan,0.232,0.5
0gW3lgv1A0LjdWim1O21xo,indie,Loro,Pinback,0.75,0.339
5OiaAaIMYlCZONyDBxqk4G,indie,First Day Of My Life,Bright Eyes,0.385,0.201
4JvclO8lNugobD1afavcYS,indie,Nantes,Beirut,0.638,0.533
7BT9NNN1mNFU3l3u8hX6MW,indie,Stained Glass,Real Estate,0.794,0.849
1LfWibYjk0TD8YNPtzym9A,indie,33 “GOD”,Bon Iver,0.326,0.389
4yPY2X0FyUqU3RwHzPr9Fh,indie,Get Lost,Washed Out,0.743,0.961
4G2yqD7N1igPRafkvJb7S4,indie,Gravity Rides Everything,Modest Mouse,0.71,0.417
6MLZXY8VnO8srdUEDL37yP,indie,No Waves,FIDLAR,0.335,0.929
5k7VKj1Xwy5DjO4B0PdAOb,indie,Nude,Radiohead,0.156,0.342
5eyTSlaihupr5Evo1pigNw,indie,Hug Of Thunder,Broken Social Scene,0.49,0.428
68dF2fJhETbjO3BVr3WUHo,indie-pop,Song 2,Blur,0.855,0.709
1pHP4JeQV9wDx87D6qH9hD,indie-pop,Here It Goes Again,OK Go,0.81,0.882
4WiIscpBgQFm5qIyjoH7M4,indie-pop,Heads Will Roll,Yeah Yeah Yeahs,0.791,0.903
3LygB73wJZlok3J7ZIUIqb,indie-pop,Feels Like We Only Go Backwards,Tame Impala,0.556,0.901
1595LW73XBxkRk2ciQOHfr,indie-pop,A-Punk,Vampire Weekend,0.857,0.816
4o0NjemqhmsYLIMwlcosvW,indie-pop,The Funeral,Band of Horses,0.127,0.769
3FtYbEfBqAlGO46NUDQSAt,indie-pop,Electric Feel,MGMT,0.561,0.803
6ZapsNk1ZpaebNXAIohP9R,indie-pop,Home,Edward Sharpe & The Magnetic Zeros,0.137,0.589
432bTTNTIOsX2KJzuYmrKP,indie-pop,Digital Witness,St. Vincent,0.891,0.45
5imUTBF35uIoABlV9g9da2,indie-pop,Fall In Love,Phantogram,0.265,0.859
0xJ29UmDSzVQpT1U8FhG2m,industrial,Attention Whore,Suicide Commando,0.248,0.949
3VGA93mlzkpIpaZ7D7XkmK,industrial,The Sound Of The Crowd - 2002 Digital Remaster,The Human League,0.917,0.525
1A2KYJjO2g1eA14q2CXo58,industrial,Roadhouse Blues,Ministry & Co-Conspirators,0.0487,0.881
2uXfGz59MrSx96qvHRveF0,industrial,Dead Stars,Covenant,0.964,0.995
3sAcXRYLUeEXMBHDBf84kp,industrial,Feuer Frei,Nachtmahr,0.484,0.983
5NeOiaAv2oMOgvXTAr9OgZ,industrial,Gripped By Fear,Front 242,0.598,0.454
28A6o1UqAK11Fm63i9NAXa,industrial,Sent to Destroy,Combichrist,0.193,0.962
6dpWbwQ4ZGNSW6q4yKCiRZ,industrial,The Dope Show,Marilyn Manson,0.335,0.734
18Gfd9yCYaaHggjE8XyP7B,industrial,Hau Ruck (Edit),KMFDM,0.168,0.838
2tBtMShYTQKRP3VlgrtoWt,industrial,Grace,Ministry,0.0511,0.838
0rJgrX9vrMeBzxsZCYT8F6,iranian,Man Bishtar,Shahyad,0.789,0.881
5aMAcSK5azKjyp42SyXvSa,iranian,Gonjeshkake Ashe Mashe,Farhad,0.305,0.537
1qPzsSGo5FJBVM3KFxbnBg,iranian,Ne'mateh Eshgh,Googoosh,0.375,0.345
0kpHq2dN6mGgdwqtBCi3IL,iranian,Maah,Various Artists,0.476,0.718
4qSpAYXpEbxRoK0YJbbTMd,iranian,Be man Nagoo Dooset Daram,Dariush,0.523,0.25
5eboXMAJ5Hat5uXDirCUc7,iranian,Dooneh Dooneh,Mansour,0.905,0.918
3UdhDaergbIqFwgnMI7D4R,iranian,Tasnif Parvaneh Sho,Djivan Gasparyan,0.445,0.355
50ABRrzQvZoSlJuTAscxi3,iranian,Dokhtare Atish Pareh,Andy & Kouros,0.613,0.805
4YPlvL7Tb8SM0fB9il62bI,iranian,Noghteye Payan,Googoosh,0.733,0.587
2Nv4BMDbSPQvsE1HL1aju5,iranian,Siah Moo,Various Artists,0.849,0.911
0KuN6oUfMMbqWTYlS5pBJF,j-dance,VOLCANIC DRUMBEATS,Denki Groove,0.687,0.914
3Q5mg2q5xcdVTXeK6PJotD,j-dance,Diamond Sky,SHINee,0.422,0.807
7w9OnQtj4O3dCQtcYGhmHO,j-dance,Calculator,Remute,0.75,0.822
2wuga127ybbTVZCcd0zDP1,j-dance,Xposure (Blue Satellite Remix),Jafrosax,0.61,0.56
1LWqqB7IN0IBj6k36tx9lm,j-dance,Breeze,Genki Rockets,0.56,0.873
69IdvL8by3vuHC3YfmqMRG,j-dance,ヴィーナスの丘 / Venus Hill,Denki Groove,0.623,0.825
08MWcGvlOnhYk3a3rUNvjg,j-dance,Try Me,DEXPISTOLS,0.527,0.896
0Rl1VW5amZptbJZj0BYJJC,j-dance,HAPPY,J SOUL BROTHERS III,0.942,0.858
5NEc8qYlO0nofOGjG6NoAu,j-dance,Bright Like Light featuring Lena Fujii,DJ KAWASAKI,0.884,0.738
24lEpJ1mkfjnqPHMFzGeRg,j-dance,世阿弥,WEDNESDAY CAMPANELLA,0.488,0.715
1aKUYv886GupMvw0ptWI8S,j-idol,女はそれを我慢しない,Vanilla Beans,0.856,0.918
3BwPzABLaqZC7xbBfww6sb,j-idol,ようかい体操第二,Dream5,0.885,0.702
7DwNm2VA6D4SiM6bL0WvbP,j-idol,初恋,Idolrenaissance,0.643,0.902
78aA5jwyAPBJlnkiQexAZS,j-idol,FRIEND,LinQ,0.961,0.926
7LzT4SqAGH0gfeqSzXYla6,j-idol,WAR CRY,Ayumikurikamaki,0.487,0.978
583pvQTzHjMlF2FekJQisG,j-idol,鼓動の秘密,Tokyo Girls' Style,0.85,0.909
6n3UqTXdkBhCmCV1jBIz0B,j-idol,ちゅるりちゅるりら,Dempagumi.Inc,0.918,0.972
7BaFprtG9zdPvg18dUCzSo,j-idol,ゆうめいに、にゃりたい。,Wasuta,0.438,0.877
3BFFY7Zz5KCd1tsnxTBeCp,j-idol,SHOUT IT OUT,Da-iCE,0.79,0.765
3uJPDnuSP13LTEFPEJYMcG,j-idol,ワタシノユウキ,Team Syachihoko,0.443,0.959
1cqpwSj2BFeKYKavle5FYL,j-pop,SEASONS,Ayumi Hamasaki,0.189,0.629
2qvs6kFkbg7Rid4gUe5ZNJ,j-pop,Love Song,m-flo,0.561,0.652
6fTszgltK5YkMIMEJgG9KV,j-pop,つけまつける,Kyary Pamyu Pamyu,0.599,0.991
1uXxThEZxATjohZsEZtnvF,j-pop,DREAM NEVER END,Daruma,0.446,0.606
3rb5K4Cw0GsLsgjcSYAP9K,j-pop,リライト,ASIAN KUNG-FU GENERATION,0.557,0.935
7oSD1rdPsMqq02W9N1hhDV,j-pop,検索,Saku,0.676,0.973
4ovlVjiPYCIrviEIJDfrM3,j-pop,す き,Crystal Kay,0.421,0.409
4lRvXGgUgeduqWaxCLOUib,j-pop,S.L. Magic,SCANDAL,0.805,0.819
7e3cf0kGpfyIv6SfO1We9i,j-pop,最後は必ず正義が勝つ,AI,0.755,0.839
1H0hTGYUPMILDP6oHUwfCZ,j-pop,game of life,ササノマリイ feat. ぼくのりりっくのぼうよみ,0.578,0.758
769BPjCArqtOrVbklJ8Us9,j-rock,オノマトペメガネ,sasanomaly,0.8,0.637
6jhcFvAbEzyb1sZBtD3hwp,j-rock,Stuck in the middle,ONE OK ROCK,0.232,0.98
09rViFODqTVyV0alZa45WQ,j-rock,トーキーダンス,Hitorie,0.885,0.89
1gcZsQ0DCkak3gRlIvYfFR,j-rock,GO! GO! GO! GO! GLOW!,KEMURI,0.678,0.964
3M1EFtfvJSxLNpFWVXBhpF,j-rock,嵐のあとで,Galileo Galilei,0.386,0.601
2xTunX9wK2FWaFcJNnQ4zd,j-rock,花は誰かの死体に咲く,amazarashi,0.374,0.625
3iF4Laaa2ZILUgfCYhNdI6,j-rock,higher,MAN WITH A MISSION,0.507,0.916
3LQ7ZDFFXoVEMZzgNGMDSK,j-rock,C.S.L.,Nerd Magnet,0.74,0.91
0yNVxkunHLIDR0BvBNhm6F,j-rock,Dive For You,BOOM BOOM SATELLITES,0.167,0.91
0WaDmPzDfKw5ZAtPlHlXpL,j-rock,さよなら,THURSDAY'S YOUTH,0.298,0.474
4Kj2xLNaqnbA99wWl9dnrR,jazz,Collard Greens And Black-Eyed Peas - Rudy Van Gelder/24 Bit Mastering/1998 Digital Remaster,Bud Powell,0.677,0.392
6t65MC0hBqIXyiuaIL4JtT,jazz,The Thought Of You - Part I,Otis Brown III,0.565,0.528
09GsoLPdIpzs7WFIq0vbnZ,jazz,Like Someone In Love,Ben Webster,0.529,0.356
1R41BkqjEZSq5JyOr8pXcI,jazz,Skylark,Dianne Reeves,0.163,0.169
2PzI5zpqHHEbb1czdNUXSm,jazz,Stuff,Miles Davis,0.397,0.447
7FUvZCxuO3dWTZwowMITxi,jazz,La Louisiane,Joe Lovano Quartet,0.713,0.395
10TiIsRhDW0795Msycgs8E,jazz,Crooked Creek,Brian Blade,0.272,0.404
7fSwDksBCCucOLlAO9obm9,jazz,Cheek To Chico,Elmer Bernstein's Orchestra,0.815,0.226
02M2OoPaKPmkCl7kidq6nK,jazz,Theme for Maxine,Woody Shaw,0.455,0.33
4Kn24MbABUA6Yvage5UvrD,jazz,Harlem Nocturne,Quincy Jones,0.642,0.306
6rk3wcZdX2HwAjC0PHeOQw,k-pop,Trace (출처) [Scratch By DJ Tukutz],Tablo,0.388,0.793
3ev8mLuNKLLtCmrOLVcexO,k-pop,via dolorosa (고난의 길),JOYjin(조이진),0.284,0.221
1clLR4YXaRgd5MP1PCr5SM,k-pop,The Boys *Bring The Boys Out* - David Anthony Remix,Girls' Generation,0.828,0.852
6ShM2L8NSn3OkJGCYuGxNb,k-pop,Missing U (박재범 댄스 Scene),V.A,0.459,0.199
1zC7E7fjZ7lUgB72ZzukY4,k-pop,Let's Go Party,2NE1,0.0,0.0
6VyN1eW6TZLzDlRUrMv4Pm,k-pop,Bad Boy,BIGBANG,0.421,0.766
7hkIuoyuygGMnCMrPPGRJm,k-pop,Somebody,Pudditorium,0.353,0.326
38ieVc88O6Wznw3NxXhE78,k-pop,You Got Me,STi,0.582,0.556
65EDxAEoIiVJ6VjJV7III9,k-pop,IMAGINATION,부부(Booboo),0.376,0.465
1dqXykUZzgZfRbgi8mhJhB,k-pop,When The Love Falls (String ver.),Yiruma,0.174,0.146
5BDAbZToOXc7pH99TNJI3g,kids,Not An Egg,The Backyardigans,0.519,0.537
30DDy5TCb6DJGkOKiUdsER,kids,Night Mantra,Renee & Jeremy,0.608,0.127
7yQq0sQokJAV2qqc44J9Eu,kids,Dirt Made My Lunch,Banana Slug String Band with Michael Levy,0.68,0.198
19pisHVJ0gQXjAjXI1DIgP,kids,Turn! Turn! Turn!,Dan Zanes,0.393,0.294
6ZfHhdvi9zOxkShVzzzUJB,kids,"Twinkle, Twinkle Little Star",Dora The Explorer,0.623,0.632
0P4pY6DIaripmIywuJECzr,kids,Jesus Wants Me For A Sunbeam,Cedarmont Kids,0.463,0.188
7diiPqW0hWvSgbmsZq5iUu,kids,The Goldfish,The Laurie Berkner Band,0.639,0.519
4WGXdEXSxcs7ZJpzaFTxsD,kids,Popcorn,The Muppets,0.673,0.839
2BqDAUJBMCbNXf6y20PZpI,kids,Ode to a Shower Door,Randy Kaplan,0.853,0.736
6T8cDr9P6anYtaORts1Wd1,kids,So Long Song,Blues Clues,0.517,0.886
5EfHXTq8UPCFyPDvCNIKMm,latin,Kumbala,Maldita Vecindad Y Los Hijos Del 5to. Patio,0.527,0.368
3GhDnfO7J3zLTswYYrQFnP,latin,Mi Piquito De Oro,Ramon Ayala Y Sus Bravos Del Norte,0.92,0.85
4tAwP9QKeLEQJ2fgd1RWcY,latin,Detalles (Detalhes),Roberto Carlos,0.642,0.25
47ehW8KNY6XhEtwMYAY0br,latin,Ya Es Muy Tarde,La Arrolladora Banda El Limón De Rene Camacho,0.946,0.651
2iCOdoyDmWG3hWkbtH1KB2,latin,Amantes de una Noche,Natti Natasha,0.525,0.73
6SIrNxmmdbv1KUbFBu1PaN,latin,Bebe (feat. Anuel AA),Ozuna,0.582,0.688
0GcneTLJ5h1gPa1G5qnwSn,latin,Usted Abuso,Celia Cruz,0.683,0.596
5qFeMRz4TvetPmzjre9Dq7,latin,No Es Justo,J Balvin,0.721,0.811
3npbtkmTdUlRxGFxViDD0K,latin,Canta Corazón,Alejandro Fernández,0.832,0.715
19Tx1GJy2JGJP43yjZUK6u,latin,La Puerta Negra,Los Tigres Del Norte,0.969,0.538
026diiECT9Tc4xzM8kE6uK,latino,No Me Compares,Alejandro Sanz,0.55,0.784
7lOzUJzsELALh5FQsPKTEn,latino,Humanos a Marte,Chayanne,0.786,0.902
2xIZ74gMY794yuZir9zwgc,latino,Siguiendo La Luna,Los Fabulosos Cadillacs,0.816,0.439
5jCsUTkC9sbU3DeWrDSdJY,latino,Ay Vamos,J Balvin,0.915,0.784
22YrEL6IbDx4axzr8Wpw9M,latino,La Vida Es Un Carnaval,Various Artists,0.827,0.751
6WIZXts4eygCmeeu7pEsHI,latino,Prometo Olvidarte,Tony Dize,0.78,0.837
7MDUVH4ITohsIjdynRwCJp,latino,Dance with the Devil,Immortal Technique,0.237,0.871
5NOtC9vnvCuEy6IaNflffX,latino,Adentro,Calle 13,0.518,0.808
6I86RF3odBlcuZA9Vfjzeq,latino,Eres Mía,Romeo Santos,0.903,0.729
3tm3GG9BBOYhUzKWlS6A74,latino,Vivir Mi Vida,Marc Anthony,0.899,0.879
3F68lVGaMQ2yQQGsX8NExZ,malay,Sempurna,Andra & The Backbone,0.395,0.32
6Jdt1cKZrWaynFjk27H10O,malay,Ketika Kau Menatapku,Marshanda,0.852,0.806
1as6Qfl8wdbPMQRWAvQpff,malay,Gemilang,Jaclyn Victor,0.155,0.469
1d2LhZuH3QkBu6aUg5RjE0,malay,Sinaran,Sheila Majid,0.936,0.909
1Xeip30JhrxZrIk9sXJV9O,malay,Sing Your Mind (album version),Sherina,0.388,0.421
0GI6KBji23F1191IABn0FL,malay,Begitu Indah,Padi,0.234,0.525
2l02iUojbOtyEd1K2BFaLd,malay,Seksis,Various Artists,0.921,0.831
59BX5kR5GxryEqmXMCFhyh,malay,Mengintai Dari Tirai Kamar,Various Artists,0.196,0.551
4ksgoAjYOn7fGVG5SgqgAK,malay,Legenda,Dato' Sheila Majid,0.3,0.397
0PqzDOCkjPabANqGEMSdyn,malay,Semua Tentang Kita,Peterpan,0.14,0.303
5TkQbhQm9BXONk2agDo4w9,mandopop,紅豆,Khalil Fong,0.256,0.248
4OHaQq5eqpRgCqgVY3MpQY,mandopop,我愛的人,Jordan Chan,0.172,0.422
4iuuLSkNSzgCcqrE9lxzag,mandopop,大藝術家,Jolin Tsai,0.417,0.872
7rVZdB8tMg4Ik9nfDsaKYq,mandopop,媽媽,Van Ness Wu,0.505,0.46
2PbCgvC3dJhsh5MJBMZyWm,mandopop,結,Jane Huang,0.304,0.733
0J9VwZNdbi8lEyzzFyRvEE,mandopop,秋天1944,David Huang,0.283,0.586
4pd8DTOyrwXGZKDScFpFuQ,mandopop,最親愛的你,Christine Fan,0.375,0.407
54nVs0dpXxIKrWUSyNvofa,mandopop,微笑的約定,原聲帶,0.227,0.268
3TMDRN2175kRnRu3Xq7jMU,mandopop,愛一直存在,Rachel Liang,0.303,0.402
0Q4YuuiCuxIIKUw2fb1cmV,mandopop,我們的愛,F.I.R.,0.135,0.646
6ursmCnbc9oDRGa2yHKkoZ,metal,Roots Bloody Roots,Sepultura,0.261,0.874
3cdy3GBpBLSo9CogvaXLN6,metal,About That Life,Attila,0.473,0.903
5pnLt6PMHoPpbB7Wz3xRfO,metal,Mr. Crowley - 2002 Version,Ozzy Osbourne,0.36,0.822
4FXv0p8WvZc7eUyDzsi39p,metal,You've Got Another Thing Comin',Judas Priest,0.533,0.814
6bDVc03eMOMfvKez5qMAcq,metal,Still Counting,Volbeat,0.366,0.923
0cYduKz7njWaJ73PGn6OGW,metal,Amaranth,Nightwish,0.319,0.874
33n5sdlGT8UODTUr15EOWz,metal,Paradise (What About Us?) [Feat. Tarja],Within Temptation,0.428,0.928
0rSdhfeQmYAfzO3kcjsCpg,metal,Whore,In This Moment,0.544,0.883
4fj8NzcAJfVYelreg3I32V,metal,Love Hurts,Nazareth,0.407,0.486
2cLP3ysj6Al847SDOSuEqo,metal,King,Eluveitie,0.133,0.986
2WeSz9FLWE9RRIFDWtD5nc,metal-misc,The Trooper,Iron Maiden,0.62,0.866
0lCwaZYSRy6q0jLmnYiQxi,metal-misc,Laid to Rest,Lamb of God,0.158,0.959
6iC4yNDnwpSJ61Sz8g6EDG,metal-misc,Carrion,Parkway Drive,0.428,0.969
1L6KRFCqkFkhutZTT68RhS,metal-misc,Death And The Labyrinth,At The Gates,0.514,0.97
5RHG4SQ6iJ1qQJmt3EFJCX,metal-misc,We're Not Gonna Take It,Twisted Sister,0.922,0.924
0z09OVa4ZNJ4oQydl9XolX,metal-misc,Adrenalize,In This Moment,0.43,0.96
44AxeBXrK9LQlGjXyT2oZQ,metal-misc,Run to the Hills,Iron Maiden,0.471,0.951
1KmvBtP8pDb5CnKVmbwx2p,metal-misc,No More Regrets,Arch Enemy,0.184,0.967
5bRH9GFQtDYAFgvAh63T6v,metalcore,When The Sun Sleeps,Underoath,0.169,0.993
7qrtGo6eg8VyKIUMNjv99Q,metalcore,"Grow Up, Peter Pan",Adept,0.282,0.929
4geHi4niVBx4lQ4Nku1Q3t,metalcore,Afterlife,Avenged Sevenfold,0.391,0.95
7yQoia91vAFSDUV4jagl1E,metalcore,Last to Know,Bullet For My Valentine,0.647,0.99
1C5eTNM3MGyrFNi4wAZN7m,metalcore,Off the Heezay,Bring Me The Horizon,0.177,0.968
0UgU6BsTk0xgMTAqCu8Uz9,metalcore,Generation: Hate,Memphis May Fire,0.377,0.99
0pex9LH0aWWgs8uGKNbbd4,metalcore,A Dance With Aera Cura,Miss May I,0.191,0.988
4IOzoExDB3h0UOatkVwNr3,metalcore,The Great Hendowski,Of Mice & Men,0.376,0.986
7Iktq80p3j9YvN8Pzi7FXc,metalcore,Second Heartbeat,Avenged Sevenfold,0.342,0.984
0FgkGSeoGf5SYK14z8hahh,metalcore,"Breaking Out, Breaking Down",Bullet For My Valentine,0.344,0.936
21cBps2oQyKTSvZq7sygLH,minimal-techno,Clean Getaway,Pan/Tone,0.448,0.601
3KXcrSQgjH17ni8En7rhIe,minimal-techno,NTMYT,Marek Hemmann,0.682,0.689
7C7K581CNd6yG5xTLQFE9k,minimal-techno,Stuggi Nights - Original Mix,Various Artists,0.799,0.558
43kC4yxdxP2L5IfBVYUirX,minimal-techno,Love Never Sleeps - None Remix,Seth Troxler,0.567,0.684
31svuMCYXArie3OVA2D5y9,minimal-techno,Deep Throat,Claude VonStroke,0.177,0.796
6eNzyzmRASC5gz5sorpo0W,minimal-techno,You're Not A DJ - Luna City Express Kung Fu Mix,Various Artists,0.621,0.725
0BBwsHRzLcKDiCGdvYi1ez,minimal-techno,Sideslap - Original Mix,Minimal Lounge,0.29,0.636
6xzXAHalia10NOuAwTUoVE,minimal-techno,Big Lucky,Various Artists,0.194,0.81
6Osh28CInzBfrQyric2oep,minimal-techno,Klondike,Various Artists,0.475,0.754
44ytk3gzo5smPd6ecbbTSL,minimal-techno,Minimal Machinist,Spektre,0.145,0.514
41FnNTSyRaEw4m4kaGr7h5,movies,Sorrow,The Lyndhurst Orchestra,0.0433,0.133
42sJ8y5Z3lUkmWFRdUUaUI,movies,Shelob the Great,Various Artists,0.0394,0.331
4qqfI5oNO53a6W7nWfutKH,movies,"Under the Sea - From ""The Little Mermaid"" / Soundtrack Version",Various Artists,0.858,0.463
60lpxsz5DjjZAChH8dzFDt,movies,Making Christmas,Various Artists,0.256,0.386
7FCNAQWZQhzG4YN1Y8OBbX,movies,"Heimr Àrnadalr - From ""Frozen""/Score",Various Artists,0.0554,0.0757
5UqqOfFa9DYXALpCCF8VwB,movies,(I've Had) The Time of My Life,Various Artists,0.485,0.665
2TEW9YkQDKRHUxCHbEn0Gk,movies,Live And Let Die,Various Artists,0.208,0.479
0k1zElVBehCAzAa975af71,movies,A Small Measure of Peace,Hans Zimmer,0.0338,0.111
6Fyx7qrx8dtOmzX0VVwmHl,movies,The Tour,James Newton Howard,0.0324,0.059
6M4hBkdml7QIB502hzBCK8,movies,Something There,Various Artists,0.568,0.236
6iSMbZw9CeVPP7eyuIkcoq,mpb,"Redescobrir - Live At Credicard Hall, São Paulo / 2012",Maria Rita,0.524,0.812
1U2NsgEtlufc9QzQQkbS9p,mpb,Oi do Mal Irremediável,Móveis Coloniais de Acaju,0.577,0.787
1exoFKsYHfr8iNd8ExW7X0,mpb,Mais Perfumado,Adriana Calcanhotto,0.95,0.407
5xLNaGf06zKccd1M0lDYnj,mpb,Amar Amor,Ana Cañas,0.42,0.12
1NjyJYoTEAyUDd49vtsDYR,mpb,Quinze Anos,Djavan,0.418,0.407
2x6usZA1U6sWdRrlXbbTN5,mpb,Fotografia,Vanessa Da Mata,0.563,0.309
4uIlQuVBsLjokySaezNAUM,mpb,"Do Nada, Me Jogaram Aos Leões",Maria Gadú,0.681,0.783
1PGNI3f5Ui2efsJ707WBR8,mpb,Juritis e Borboletas,Geraldo Azevedo,0.068,0.276
3OmptumIjurgLGgR80C7aX,mpb,Garganta,Ana Carolina,0.686,0.67
34vieSxjRcQOwLZyXV52tE,mpb,Justiça cega,Zé Ramalho,0.858,0.479
3NzdDs8gDR7e8hoxbJ0CxP,new-age,Something to Believe In - Remastered,Clannad,0.309,0.739
0oNIxE00cj4YrU2WaHGpwC,new-age,In The Garden Of Souls,Vas,0.0723,0.324
2UKYMN7VnsQo40n0qCt6Sa,new-age,Porcelain,Moby,0.332,0.637
31MrDAfwhRXhk9dtCqtITX,new-age,Bylar - NORMAL,Various Artists,0.152,0.496
0bqaVNcyTlMWPCLZCeiYgC,new-age,Prayer,Secret Garden,0.1,0.218
3El6i4LszkLB5YwnhEhp6Y,new-age,Beyond The Invisible,Enigma,0.164,0.69
47CAzSkU7oKkTcWJbtGzdJ,new-age,The Treasure Caves,Diane Arkenstone,0.341,0.54
5EqAqX0FlX8lT9huuq2YZY,new-age,A Love For Life,Yanni,0.53,0.461
2ihCaVdNZmnHZWt0fvAM7B,new-age,Little Talks,Of Monsters and Men,0.417,0.757
4hqxOUdwMTjYFlPHYOiDqp,new-age,In The Court Of The Mermaid,Various Artists,0.195,0.16
1SC5nZeOBQ1weE86ho1Yxm,new-release,What I Never Knew I Always Wanted,Carrie Underwood,0.366,0.782
6CXFCte6QUmKbElWdJdjbb,new-release,Working For It - Bonus Track,ZHU,0.502,0.715
3A2XKObGNiNjSZlQVv8Tq0,new-release,Sitcom,Coleman Hell,0.63,0.73
6QS5GEuM3Nyowck5PawQvL,new-release,"You Mine (feat. Trey Songz, Jeremih & Future)",DJ Khaled,0.392,0.906
16cMQI1Z2zGbD37o6h7Zks,new-release,Easy,Seinabo Sey,0.387,0.529
14c6Q17DoHUY4A2u9HlxxL,new-release,Hyde,Astrid S,0.22,0.404
4AZVyZIcNwRov50o2s1c0i,new-release,Magic Hour,Aoife O'Donovan,0.478,0.459
2JmvwF29iUVb3oEFW4Bvf3,new-release,New York City,The Chainsmokers,0.0624,0.639
0TMWGCBG1KdnEGwQhagp3t,new-release,Speechless (feat. RKCB),Candyland,0.389,0.824
2aB6ePZ506uV0hQRdQaFHw,new-release,Air,Basenji,0.179,0.663
3XzmZhZDx0Yfz0rsM5yab8,opera,"Un ballo in maschera / Act 2: ""Teco io sto...M'ami, m'ami""",Giuseppe Verdi,0.0662,0.261
7nz35Mjf371haJGr4Kcyfx,opera,Per Amore,Andrea Bocelli,0.17,0.266
0vR7Slji803NoLAfvw1roW,opera,Sogno - Extended Version,Andrea Bocelli,0.0913,0.322
1HXlAJFp5PqEkz9aAYY1Tc,opera,"Le Nozze di Figaro, Act 2: Quanto duolmi, Susanna",Wolfgang Amadeus Mozart,0.19,0.0383
4b5sq1IALv1bJ864UNgzj3,opera,La Dona E Mobile,The Three Tenors,0.68,0.307
6wSzlr0PyWwMdVmX5eCioN,opera,"Puccini: Manon Lescaut, Act 2: ""Oh, sarò la più bella!"" (Manon, Des Grieux)",Giacomo Puccini,0.087,0.234
2xXXZdKOGLSa9LxMeHLArQ,opera,"Otello / Act 4: ""Niun mi tema"" - Live At Chicago / 1991",Giuseppe Verdi,0.0452,0.129
40FNDrAhut2cGqHm7DEwDl,opera,"Les Contes d'Hoffmann / Act 2: ""Belle nuit, ô nuit d'amour""",Luciano Pavarotti,0.0561,0.0919
0MtkE19tDWclGG3kRPK35A,opera,New York New York,Original Film Cast,0.77,0.673
5ekrMXqUaOtJxlumt3JmG5,opera,"Carmen / Act 1: ""L'amour est un oiseau rebelle"" (Havanaise)",Claudio Abbado,0.247,0.0333
52xDEWKIcBTCZUk1hXdf9E,pagode,Flash Back,Gustavo Lins,0.81,0.829
3qQsT5kLu3V8T21M7fIWrl,pagode,Facada,Thiaguinho,0.962,0.861
4l0NiDpDRlXqkiGNFdmdLS,pagode,A Batucada Dos Nossos Tantãs/ Samba Pras Moças,Grupo Pagode,0.854,0.886
4CqqYjhSXRznJvIHh0wzgz,pagode,O Dono Da Dor,Zeca Pagodinho,0.69,0.807
3VL9nCr9DGX9BWYBxB2FVG,pagode,Mulher de Hoje em Dia,Alexandre Pires,0.616,0.715
6VptpesC8Al1d6S2Pr8cie,pagode,Raio de Sol - Ao Vivo,Art Popular,0.966,0.826
6tJVpsuAso4yFUxLqofx7E,pagode,Vem Pro Meu Samba - Ao Vivo,Pixote,0.614,0.829
2WK701G6JE8B92jWiZbJ04,pagode,Sede,Jorge Aragão,0.709,0.686
25qaSmibIbG2ik3bKLfa0f,pagode,Um só sentimento - Ao Vivo,Bom Gosto,0.794,0.71
3z15n81JtTYPkTaJHtYgyO,pagode,História Combinada,Pique Novo,0.8,0.678
5xrjJANQXCLXeMbNMugyaZ,party,Jubel - Original Mix,Klingande,0.194,0.472
6J5sxraPPZ4b0CVOGAgpXj,party,I'm Different,2 Chainz,0.704,0.702
6czR937sAtt4KbrZZPCYHA,party,Gucci Gucci,Various Artists,0.888,0.891
7n6ibfsRHhCb1Ccl9Fg2CZ,party,Scream & Shout,will.i.am,0.473,0.616
7hpGGPTNTgdmyjtudEmLfX,party,My Nigga,YG,0.785,0.475
4MeDnO5yA2Zi6IMlVApRci,party,Freek-A-Leek,Petey Pablo,0.632,0.691
3GpbwCm3YxiWDvy29Uo3vP,party,Right Round,Flo Rida,0.705,0.672
56QCGK2tyUmlma8k94zLal,party,Miami 2 Ibiza,Swedish House Mafia,0.653,0.936
2dLLR6qlu5UJ5gk0dKz0h3,party,Royals,Lorde,0.337,0.428
6Sy9BUbgFse0n0LPA5lwy5,party,Sandstorm,Darude,0.587,0.965
3BqsUeCJGuMijPts9ynOzy,philippines-opm,Hinahanap-Hanap Kita,Rivermaya,0.734,0.697
1HjC5IXtSOnawgg2hkN3nE,philippines-opm,Wala Na Bang Pag-ibig,Lani Misalucha,0.359,0.498
4hVo74mLxZ4hxyuU65GZf0,philippines-opm,Muling Magmamahal,Angeline Quinto,0.239,0.5
7fz2IMaGic2lXn4SB8fBJW,philippines-opm,Gano'n Lang Talaga,Bituin Escalante,0.162,0.396
0qoutu3lGcPyjLRArFbMfd,philippines-opm,Scared to Death,Various Artists,0.22,0.472
2NGtNwJYx0ntguE5SxD2Zw,philippines-opm,Ikaw Nga,Various Artists,0.363,0.464
263GoxzLvSpqk98aIfQCKa,philippines-opm,Ikot-Ikot,Sarah Geronimo,0.37,0.589
5GnYPm0AbR2wcqzWTUiHRT,philippines-opm,Bituing Walang Ningning,Sharon Cuneta,0.233,0.55
0S3J3ba1wuytMDUyrTSEUk,philippines-opm,Elesi,Rivermaya,0.612,0.713
6mhXSGcFbZgZSu0sAs31DX,philippines-opm,Huwag Ka Nang Umiyak,Various Artists,0.204,0.469
4rjSWn7rGmLGoonWCXwHdM,piano,If I Could See You Again - Original,Yiruma,0.0916,0.221
0VLascXUZ2Ze2u5kUD5J1f,piano,I Giorni,Ludovico Einaudi,0.0495,0.0314
4Iv0O5Cf9ziJ1akpIOyaDz,piano,Standing the Storm,William Joseph,0.222,0.442
6lYbh2Y2tD7UuXUZnWartn,piano,Smells Like Teen Spirit,2CELLOS,0.533,0.406
5waVFIcYEKWQDYmYLPJAfe,piano,Si,Nils Frahm,0.16,0.0025
3SxA7CWhiMTxNLOGg27PJS,piano,1. Gymnopédie,Erik Satie,0.192,0.00807
6d6eYxsrYg3edt3B4Oi0gE,piano,Hummingbird,George Winston,0.2,0.344
6qwSD7T9ENQecUxKRDFgwA,piano,And I Love You So,Richard Clayderman,0.212,0.222
1Hc9rfFRsUE8nyKDnyXg7f,piano,American Beauty,Thomas Newman,0.0558,0.00712
2Okwul6JYHo2ynV6o6PUoH,piano,"Goldberg Variations, BWV 988: Variation 3 a 1 Clav. Canone all'Unisono - 1981 Version",Johann Sebastian Bach,0.893,0.243
1z15fhSgN6U2k4gqA1Zu4j,pop,Something New,Zendaya,0.308,0.773
0wwPcA6wtMf6HUMpIRdeP7,pop,Hotline Bling,Drake,0.552,0.628
5pvVAwQbuFoR7LkcicrKnk,pop,Obsession (feat. Jon Bellion),Vice,0.466,0.559
0VgkVdmE4gld66l8iyGjgx,pop,Mask Off,Future,0.281,0.434
7KcGEssn7BnJdTgildK5y0,pop,No Frauds,Nicki Minaj,0.432,0.558
4RXpgGM7A4Hg7cFBoH5KyF,pop,Hey Brother,Avicii,0.458,0.78
4XPWKmy05Rcff6TLHNoNF8,pop,Ghost,Ella Henderson,0.468,0.84
2iJuuzV8P9Yz0VSurttIV5,pop,Scream & Shout,will.i.am,0.501,0.685
3T4UodGkfZObJ43RtA5KFU,pop,Connection,OneRepublic,0.624,0.602
2GAIycsMaDVtMtdvxzR2xI,pop-film,Bohemian Rhapsody - Remastered 2011,Queen,0.228,0.402
7npa4tbCnEb6KNj44rOl8M,pop-film,Johnny B. Goode - Single Version,Chuck Berry,0.934,0.922
20yaQDVW6gefTsdoa9Out7,pop-film,"Ghostbusters - From ""Ghostbusters""",Original Soundtrack,0.767,0.758
2qSh6XPZeV5XgCsKEFnajj,pop-film,Misirlou - Single Version,Various Artists,0.591,0.854
6S9lcjREUTU4Yv5y7oMcv2,pop-film,Woo Hoo,Various Artists,0.961,0.811
15MJ5NThPjj6xhPcts8MiY,pop-film,"Take My Breath Away - Love Theme from ""Top Gun""",Various Artists,0.547,0.719
3CJ60azPXtva8OdBsxSA7a,pop-film,Mrs. Robinson - Single Mix,Simon & Garfunkel,0.787,0.456
74JdR9aXE6I74oS1BVRsvb,pop-film,O-o-h Child,The Five Stairsteps,0.664,0.754
3iJWxZYv5FNcfGcOdgbq2P,pop-film,Peggy Sue - Single Version,Buddy Holly,0.602,0.515
0OzwLNVnzfG43IyQB2RMPH,pop-film,Don't You (Forget About Me),Simple Minds,0.696,0.697
58R6kUZMqRs93LOPxwIxds,post-dubstep,Maybes,Mount Kimbie,0.173,0.843
4gr2Iw9NggTrGjvrurEfA6,post-dubstep,Ann Arbor Part 3 & 4,Shigeto,0.272,0.683
50538SfSYDEsurPNC1A9st,post-dubstep,Black Orchid,Zomby,0.13,0.819
22mThDEalRCAKiDAKEouvQ,post-dubstep,New Worlds,Slugabed,0.213,0.749
7IutiKPWKie0KbiYXbMrpL,post-dubstep,Flikr Of Ur Eyes,Swarms,0.067,0.71
2WIkFIM8teoFQwpFmDgPuW,post-dubstep,9 Samurai,Various Artists,0.123,0.332
1ZJAcCR4H2zvm8oDv9dl22,post-dubstep,Our Love Comes Back,James Blake,0.138,0.198
0GoeLehz2jAcQjgo3pboaX,post-dubstep,Odessa,Caribou,0.622,0.913
2DYL8jO8f44DyDt9Oe4nHE,post-dubstep,Fleur,Various Artists,0.269,0.853
1Csls1NgwzKjlvJNq2MWxe,post-dubstep,MysteryBuds featuring Knxwledge,"Sir Froderick feat. Wise, Zaphryn, Messi, Suzi Analogue, Josh Hey, Stainless Steele, Woizer, Karniege, Devwho, Swarvy, Ahnnu & Knxwledge",0.545,0.956
0vGTCieaKwhonFTkINSSOF,power-pop,Horizon,Let's Active,0.121,0.493
5Kfes8hz92cNIcAzu1nJPp,power-pop,I Need You,He Was Fab,0.328,0.78
7LdKMBKthcdBnAqlAIGqCB,power-pop,See A Little Light,Bob Mould,0.783,0.774
5xC8uOesnn0udeXAYlAnoY,power-pop,Alright,Supergrass,0.701,0.958
3Ib3SJV8ZXuLvDiDb2w1As,power-pop,Runaway Train,Soul Asylum,0.53,0.714
0gpW5wE0qugARopl0qXrTO,power-pop,Wasted Pretty,The Figgs,0.693,0.866
1Ug2Z35QlniWMPEVj6FBBf,power-pop,1000 Miles Away,Hoodoo Gurus,0.289,0.807
37KQIn7eGulnn9hvLL9Cbe,power-pop,Linger On,Arlo,0.379,0.759
2tmejzY0b2G9Z3uGzUcx2D,power-pop,The Old Laughing Lady,The Orange Peels,0.472,0.795
6IhO1SFSXya8I9ixP8RzAb,power-pop,I Saw the Light,Todd Rundgren,0.81,0.833
3jdzd8iv3Nu6sZOhd6aPqj,progressive-house,Love and Run - Original Mix,Tiësto,0.2,0.918
0hGSr4bb26syMkhIiPGNNe,progressive-house,Turn It Up,Tiësto,0.307,0.936
1DJ6qWiEX8dgkmD3l4UhYC,progressive-house,Starlight - Original Mix,Hard Rock Sofa,0.114,0.684
2Qgkb3YCC9WozZdrlFvCW9,progressive-house,Rift - Original Mix,Matt Lange,0.553,0.48
1S2rGPTENgWkaI5wUTlPvR,progressive-house,Like Home - Dannic Remix,Nicky Romero,0.262,0.837
4ua0IepBEISCWwF8dTJvcU,progressive-house,Ghosts 'n' Stuff,deadmau5,0.517,0.617
5vjN7RZWtwpUYUGuwQ6dzO,progressive-house,Sweet Dreams - Avicii Swede Dreams Mix,Avicii,0.121,0.658
7Jn9PHHpA3YxJhCPqK7hy1,progressive-house,Rip It Up - Nicky Romero Edit,R3HAB,0.42,0.99
4SdaUm32qXtwFulBAzkHkW,progressive-house,Lightning - Original Mix,Various Artists,0.398,0.745
1R6SFQVLcAe3Og6NA83fGR,progressive-house,Invincible - Original Mix,Borgeous,0.289,0.784
7c7chSEgVVVZnUgh9U0EL4,psych-rock,Sailor,The Holydrug Couple,0.726,0.674
0CJ6erKPTP8xFJHpJ5Awew,psych-rock,President Gas,The Psychedelic Furs,0.755,0.911
372Mb1YaODe83qzKK7mfQR,psych-rock,Tiny Circle,Wolf People,0.806,0.73
6yr8GiTHWvFfi4o6Q5ebdT,psych-rock,'Till I Collapse,Eminem,0.1,0.851
14hykKy6TC9y6chiptCtje,psych-rock,Who Do You Love - Pt. 1,Quicksilver Messenger Service,0.832,0.56
3jBCwLVmmfKUH8321N4bdd,psych-rock,Shifting Sands,The West Coast Pop Art Experimental Band,0.655,0.585
4IcTpvoM4dXXEIRtHFnRlj,psych-rock,Maybe The People Would Be The Times Or Between Clark And Hilldale,Love,0.889,0.583
0jO6tZx2oorepWmNNUhso6,psych-rock,Sister Europe - Remastered,The Psychedelic Furs,0.775,0.599
5a8pT7EetH5fSv7VGEz8tN,psych-rock,Us And Them - 2011 Remastered Version,Pink Floyd,0.126,0.302
1KxrcriMwflmI0nJ20IDgR,psych-rock,Runway Houses City Clouds,Tame Impala,0.355,0.754
48O6kz322Dzu1R6Al5147q,punk,MakeDamnSure,Taking Back Sunday,0.432,0.837
6rCCIxfPqDispLNSLIkFow,punk,Dead Tired,Dead Tired,0.162,0.98
4SdM8S3g7MZjEnbtU6eyXP,punk,Cool Kids,Screeching Weasel,0.865,0.898
6qsPA9vaeZZrnUQy7bFkKK,punk,Tonight I'm Burning,Bombshell Rocks,0.515,0.9
7bFNtX22XJMy5TuEpQfa3C,punk,New Girl,The Suicide Machines,0.907,0.96
3Pfo2iLAQge5T3g7sr8Rwn,punk,At Peace,Back At North,0.66,0.949
0k483dcMGE6ylstRbUss1p,punk,Heart Attack American,The Bronx,0.319,0.976
4UuHWIkAWnN176A2rx7YFB,punk,1985,Bowling For Soup,0.853,0.878
290Nebw3BG2toIgk1pMi3p,punk,Show You No Mercy,Cro-Mags,0.305,0.947
7nK1eZPegv4cSZkpcF1pbQ,punk,Like Porcelain,18th & Addison,0.687,0.848
0NNA2tzaUeaMJl1EkwhjeJ,punk-rock,Bullion,Millencolin,0.176,0.971
5xFX08vfoV1FEB2KeRqeqa,punk-rock,Give You Nothing,Bad Religion,0.353,0.988
6focoSGn0PDqhZvTFLhvsc,punk-rock,Carpe Diem,Green Day,0.796,0.93
7u5dBtASrtOuBTTZjJrvuJ,punk-rock,My Hero,Foo Fighters,0.301,0.925
2rY6UELLt9wL18VNpsQ6lq,punk-rock,Never Wake Up,Sum 41,0.761,0.979
0N8c4Yf3gp8KnngZggvpqi,punk-rock,The KKK Took My Baby Away - 2002 Remaster,Ramones,0.517,0.928
5Wss0p07ktqwa3qqrQ2sTB,punk-rock,Days Go By,The Offspring,0.293,0.976
3N5wUrnulGRc9LLSz0rQFb,punk-rock,The Grouch,Green Day,0.597,0.994
2wEjPgOCEczmjlvq60LyQi,punk-rock,Girls / Girls / Boys,Panic! At The Disco,0.965,0.924
5c0gNby3UO6SEk5uJvdSMz,r-n-b,Fill Me In,Various Artists,0.858,0.742
5NgJ7S0URHkpJvHxmRKy2j,r-n-b,Heal (Find A Way),Brian Courtney Wilson,0.508,0.468
2yI8omCrTAyrTcK7NRppu7,r-n-b,Ocean (feat. Jacquees),TK Kravitz,0.341,0.264
7lurcq2Yw96B1K0KOJAHxg,r-n-b,Southside,Lloyd,0.448,0.404
2Yia0Gh4n61fPAjrNE5i2t,r-n-b,I Don't (feat. YG),Mariah Carey,0.33,0.616
0tNuJpBgtE65diL6Q8Q7fI,r-n-b,On & On,Erykah Badu,0.346,0.403
3XKIUb7HzIF1Vu9usunMzc,r-n-b,Maria Maria (feat. The Product G&B),Santana,0.68,0.601
3F1gjSkTX9kvxOo6BnlRNd,r-n-b,Losing,H.E.R.,0.134,0.349
3qctHDUP0kCYj0kUGVQcIP,r-n-b,Love a Loser (feat. G-Eazy),Cassie,0.374,0.628
5hJFhO9dvhJoDvUZZ9iWSw,r-n-b,Adorn,Miguel,0.235,0.576
6HFbq7cewJ7rPiffV0ciil,rainy-day,A Sky Full of Stars,Coldplay,0.162,0.675
3jfr0TF6DQcOLat8gGn7E2,rainy-day,Do I Wanna Know?,Arctic Monkeys,0.405,0.532
5Anh8jULgeUgciLHCR25Mk,rainy-day,Like A Star,Corinne Bailey Rae,0.142,0.226
34KTEhpPjq6IAgQg2yzJAL,rainy-day,Californication,Red Hot Chili Peppers,0.328,0.767
3yKBYDAHZHeUSYtYv0O2Xo,rainy-day,Dark Days,Northern Faces,0.304,0.69
4otlebsxCO4QvYP07bq6wh,rainy-day,Sanctify Yourself - Remastered 2002,Simple Minds,0.719,0.911
1ak5FE0KQhroqIXSVu8Mtk,rainy-day,Coat of Armour,George Ezra,0.225,0.331
161DnLWsx1i3u1JT05lzqU,rainy-day,Talking to the Moon,Bruno Mars,0.0784,0.59
0MhCb3iakymVqQIOeYPSUf,rainy-day,Soldier,Gavin DeGraw,0.49,0.74
65HPq14phBgWZA9DuFabYi,reggae,REGGAE Music Again,Busy Signal,0.913,0.794
1dTCwGjVspJIpA318cquIy,reggae,Mama,Various Artists,0.765,0.697
35Dh7WSf3vVJZ5UYPuXlxk,reggae,bike back,Various Artists,0.929,0.635
1ZPsdTkzhDeHjA5c2Rnt2I,reggae,Beach In Hawaii,Ziggy Marley,0.874,0.458
5M9JYhCEojXoMJbWa03i9F,reggae,I Need A Roof - 2001 Digital Remaster,Mighty Diamonds,0.783,0.567
5dNTgejzqUITrZUy08EnaO,reggae,Strangers in the Night,Glen Washington,0.818,0.637
06rX7e9biKvoX2tpx8IgXT,reggae,Heart Of Rub-A-Dub - Live,Gentleman,0.899,0.8
7aaolDePPIar8HWDRTQ6AY,reggae,Ice Cream Love,Johnny Osbourne,0.781,0.65
4yHUoSufJszmt3vP3HPlda,reggae,I Am I Said,Mikey Spice,0.668,0.608
3ogTxE5jXMZyACvUcVmcg7,reggae,Kush Inna Mi Brain,Various Artists,0.592,0.7
4NCLHXgKBCuFAf6m20sFKj,reggaeton,Ponte Pa Mi,J Alvarez,0.598,0.707
04uA3BJ1Rj8DBKkpKCABJx,reggaeton,Mírala Bien,Wisin & Yandel,0.713,0.856
0YoBveHiFObd3l7Cec8gyG,reggaeton,Movimiento De Caderas,Rayo & Toby,0.667,0.576
0xhFqVpQRuX7FdQxCewMK6,reggaeton,Si Me Necesitas,Baby Rasta & Gringo,0.92,0.764
6l3dQcg2yJWgDhgCKJUe2o,reggaeton,Que Buena Tu Ta,Fuego,0.883,0.812
5fXs8afqNK3PQ3l3zHdXNl,reggaeton,Noche De Entierro (Nuestro Amor),Luny Tunes,0.38,0.773
3qblRaS6LNQlfr2iFdisRh,reggaeton,Mal De Amores,Juan Magán,0.475,0.792
72tAU6b10AgYfEFKrykp8J,reggaeton,No Te Veo - Remix,Casa De Leones,0.966,0.878
7lvoSZYvrBza2EX6qtxBMh,reggaeton,Nadie Te Amará Como Yo (Remix) (feat. Zion & Arcángel),Dyland & Lenny,0.712,0.791
2UPfiKisNceDee4VFcdoZx,reggaeton,Permitame,Various Artists,0.895,0.66
0fPf9CDFzVnHpcfld5XVtO,road-trip,You've Got The Love,Florence + The Machine,0.398,0.708
1Xsxp1SEOxuMzjrFZhtw8u,road-trip,Next To Me,Emeli Sandé,0.391,0.81
3n69hLUdIsSa1WlRmjMZlW,road-trip,Breezeblocks,alt-J,0.293,0.658
0YSwhpumhEBEpkH3nSTc26,road-trip,If You're Going Through Hell (Before The Devil Even Knows),Rodney Atkins,0.78,0.9
3i3GeK0qLQybu4ah42YmCY,road-trip,Smooth (feat. Rob Thomas),Santana,0.96,0.924
3G6hD9B2ZHOsgf4WfNu7X1,road-trip,Team,Lorde,0.416,0.578
1UBQ5GK8JaQjm5VbkBZY66,road-trip,Sharp Dressed Man - 2008 Remaster,ZZ Top,0.446,0.859
24NwBd5vZ2CK8VOQVnqdxr,road-trip,Sweet Emotion,Aerosmith,0.491,0.76
675Oxp969Xt3KYhHvO069r,road-trip,Lemon Drop,Pistol Annies,0.761,0.497
14EORgkbXqIx5K4Haucmnb,rock,Absolute Zero,Stone Sour,0.619,0.988
0HqNyWt20oyqntGSOf4lY9,rock,Run To You,Bryan Adams,0.648,0.663
0dOg1ySSI7NkpAe89Zo0b9,rock,Born in the U.S.A.,Bruce Springsteen,0.584,0.952
4pckuF6VOu58o1pMFUdlPW,rock,Burn it to the Ground,Nickelback,0.65,0.911
42T2QQv3xgBlpQxaSP7lnK,rock,One Last Breath,Creed,0.195,0.677
4Gw1SXoN1MlAmdM3J1NjmR,rock,Found What I've Been Looking For,Tom Grennan,0.779,0.829
50ZpPgU81payZxI2H7QXNM,rock,Born To Be My Baby,Bon Jovi,0.756,0.959
1E1uGhNdBe6Dddbgs2KqtZ,rock,Jumpsuit,Twenty One Pilots,0.235,0.61
6GtX0jaNL8IjVQfrDBx81z,rock,Bullet With Butterfly Wings - Remastered 2012,The Smashing Pumpkins,0.475,0.72
6Gcv1c96EIihHdJeERkpc8,rock,Dose,Avenged Sevenfold,0.258,0.938
6fhpnwCBLVamyD7gkZhXjt,rock-n-roll,"Too Much, Too Young, Too Fast",Airbourne,0.384,0.813
16Lh3R79q9uD0kOGoI3zVl,rock-n-roll,Around And Around - Single Version,Chuck Berry,0.92,0.37
1FOUJzuApMpMM1wiuy3qfl,rock-n-roll,Renegade,Styx,0.681,0.733
4OjWzYIZxHMZCzNvbcgniD,rock-n-roll,Honky Tonk Women,The Rolling Stones,0.969,0.727
0Rikz1yDeAvCAS77IYoqTV,rock-n-roll,Blood Brothers,Iron Maiden,0.415,0.792
1NVd0iitjEKH8kQF7xdrTv,rock-n-roll,Race With the Devil,Gene Vincent,0.86,0.6
49dOnz1NuDgUNba91MudGy,rock-n-roll,That'll Be The Day,Buddy Holly,0.873,0.528
76Je5Wklky23mVoxiRszcN,rock-n-roll,Walk,Foo Fighters,0.194,0.865
7ba7mwoleFlwmOiuqw8XNf,rock-n-roll,Unskinny Bop,Poison,0.652,0.926
47KVHb6cOVBZbmXQweE5p7,rock-n-roll,Rape Me,Nirvana,0.165,0.878
6fSOOY7P3wTJSZqOj77GGR,rockabilly,All By Myself,Johnny Burnette,0.924,0.68
5QjyK8bYjv12zp8o0qnk3p,rockabilly,Sleepwalk,The Top Cats,0.145,0.626
6ChR3eojW703VAPWGkFdIk,rockabilly,Trick Or treat,Nekromantix,0.711,0.941
0cnn7HzqWw1FtY6HZQp0Ij,rockabilly,No Particular Place To Go - Single Version,Various Artists,0.976,0.761
32gd8ckTOOWrc32ALUUeCc,rockabilly,Julia,Horrorpops,0.529,0.759
4Q4w8aRdfhIIEhBututktL,rockabilly,Story of My Life,Social Distortion,0.686,0.884
6U1rN1F2DStpbOVaFNeU6n,rockabilly,"I Want You, I Need You, I Love You",Elvis Presley,0.714,0.336
5pq2VgB6JHbeCGWMUbZDkA,rockabilly,Good Golly Miss Molly,Jerry Lee Lewis,0.909,0.874
5o2DYMOtThpCvnRiuwUCtf,rockabilly,Slow,The Reverend Horton Heat,0.469,0.968
3Gp03crgBTigRFnKAjXCPC,rockabilly,Little Miss Prissy,Stray Cats,0.403,0.93
0gEyKnHvgkrkBM6fbeHdwK,romance,Linger,The Cranberries,0.204,0.434
7vcuTZAFyu0Z5dgMRLR0h0,romance,Such Great Heights,Iron & Wine,0.552,0.275
11EX5yhxr9Ihl3IN1asrfK,romance,Need You Now,Lady A,0.231,0.622
1CmUZGtH29Kx36C1Hleqlz,romance,Thrift Shop (feat. Wanz),Macklemore & Ryan Lewis,0.662,0.526
5zsYl9Nl4kQmPSjwscVASJ,romance,Heart Attack,One Direction,0.63,0.824
7iLXXTLIaguiWCTRJNU1Tv,romance,The Rose,Bette Midler,0.0745,0.0971
1U1GtaJeYwGsPgqV9Me5bb,romance,Hold You in My Arms,Ray LaMontagne,0.577,0.321
6hIS1u7nuJmFE12rXAPMxm,sad,Every Storm (Runs Out Of Rain),Gary Allan,0.349,0.723
5l6hpyTGBK0LAAxgPnqTQL,sad,Look After You,The Fray,0.283,0.592
6oeuEHxwfbqu5xIJrcbPzN,sad,Perth,Bon Iver,0.0806,0.457
7Hr1Ignop7cymbE3FbOtXa,sad,So Far Away,Avenged Sevenfold,0.259,0.703
5ED2xEPDx325pUDomaZXjT,sad,Goshen,Beirut,0.107,0.262
5FPnjikbwlDMULCCCa6ZCJ,sad,Daughters,John Mayer,0.503,0.413
0TDLuuLlV54CkRRUOahJb4,sad,Titanium (feat. Sia),David Guetta,0.301,0.787
6gxycjJNMgmAyfzUXBN80P,sad,Goodbye My Lover,James Blunt,0.273,0.261
0GNI8K3VATWBABQFAzBAYe,sad,Stay,Rihanna,0.125,0.31
6GHGvSM89aqo1SsSyn1uyq,salsa,Dejala,Tito Gomez,0.928,0.437
1D5Z5K0orsn5dSDpnan8XO,salsa,Como Yo,Juan Luis Guerra 4.40,0.904,0.873
4DP2GpPC1F8tFyGRMY4fbA,salsa,Senor Sereno,Larry Harlow,0.962,0.41
6kkjqIw1fPYS5XbyJwrrn4,salsa,Conmigo No,TIMBALIVE,0.954,0.886
6hELl9PzLlJbzsPYkV2CyP,salsa,Quién Te Va A Querer,Gilberto Santa Rosa,0.83,0.816
7a6htfBLgGUd4e36u2ISrx,salsa,Corazón Sin Cara,Prince Royce,0.958,0.83
7kUUFsX5me5p7P6y5ywewd,salsa,El Pasaporte,Various Artists,0.746,0.907
25gKDYktpgqSQGdxwDoTsh,salsa,Juguete De Nadie,Luisito Ayala Y La Puerto Rican Power,0.915,0.737
5xQ6eF5z3gloAUbftgMi0b,salsa,El Todopoderoso,Héctor Lavoe,0.605,0.74
6i2YA4WM3FqwyO7UX7XWbx,salsa,Zumba,Don Omar,0.838,0.9
7n6jdzmduNu5fsVc9n7xpm,samba,Ela Nao Gosta De Mim,Various Artists,0.903,0.446
6C2FIGh3yscrccu6rmjeaw,samba,Sinais De Fogo / Olhos Coloridos - Live,Bom Gosto,0.487,0.857
0fsdBEcbTHqVIoutiEZlU3,samba,Zóio De Lula - Ao Vivo,Sambô,0.676,0.778
5uf6unkyDGYdvvFSJpiuw9,samba,Vou Festejar (Ao Vivo),Beth Carvalho,0.806,0.978
1GWSAI2cbLjLqIaD79vHq6,samba,Choro de memorias,Paulinho Da Viola,0.837,0.411
0uAH0qnpzery3xrghq1FyM,samba,Oi Harry,Bellini,0.339,0.965
20E601tylmULJoYWhgE6rP,samba,Deixa a Fumaça Entrar,Various Artists,0.911,0.652
5kGJ5yffN5EKGOrDZlyTSw,samba,Ai Se Eu Te Pego (Instrumental),La Banda Del Diablo,0.921,0.743
2b1g7wkS81nssCLlUITwM3,samba,Sambista Perfeito,Arlindo Cruz,0.849,0.498
4UsqvNcy28A0Ep3XCnYVRt,samba,A Culpada Foi Quitéria,Bezerra Da Silva,0.542,0.644
1UNMZsDkzbUg47tyMFGAK9,sertanejo,Vó Tô Estourado,Various Artists,0.728,0.917
5thQf86A7rZZRfg9WHPszB,sertanejo,Prefiro os Tubarões,João Carreiro & Capataz,0.731,0.761
3qrFtNPUhRwLHBas2rHXtj,sertanejo,Balada Louca [feat. João Neto & Frederico] - Ao Vivo,Munhoz & Mariano,0.76,0.974
1D3HUSOUzE0YI1iXbvczuH,sertanejo,Quer Beijinho,Thiaguinho,0.96,0.877
5SUHxtx6H3vy1tbLLx0TkF,sertanejo,Dois Corações - Ao Vivo,César Menotti & Fabiano,0.496,0.916
1gAug7oHdtpdB0ul0XHXDT,sertanejo,O Caldeirão (Ao Vivo),Various Artists,0.706,0.98
1V9fwxFlTc2eOxe9ZEO8zk,sertanejo,Meteoro - Ao Vivo,Luan Santana,0.633,0.91
0gf9xDhuO4KPs2Q7RczEWO,sertanejo,Entre Quatro Paredes,Cristiano Araújo,0.537,0.817
2vOnvqu1WiYVDsOOI4XsVA,sertanejo,"As vezes sim, as vezes nao",Gusttavo Lima,0.635,0.822
0KvQ64iSeAtS0yxQAbCYad,sertanejo,Preta,João Carreiro & Capataz,0.449,0.633
2XMGG8oVufpIWOf5T1s8iO,show-tunes,The Ad-Dressing Of Cats,Andrew Lloyd Webber,0.253,0.33
4z5quQbUggOqCszOEaB1sJ,show-tunes,I Believe In You,Daniel Radcliffe,0.225,0.209
47JhUpExCronIR7puEZJLh,show-tunes,Fantine’s Death,Les Misérables Cast,0.149,0.0241
3Zuf70897YkrVRAsrBMMSF,show-tunes,"You're The One That I Want - From ""Grease"" Original Motion Picture Soundtrack",Various Artists,0.774,0.753
2tk597zjB8Kt7Ao7jf5ftu,show-tunes,Take It Like A Man,Original Cast Recording,0.389,0.315
0nIRxNfWcd1ZpgGfUMIfUs,show-tunes,Still Hurting,Jason Robert Brown,0.0824,0.167
1T5t8mYCEihHpd9JOdLrd3,show-tunes,West Side Story: Act I: Tonight,Leonard Bernstein,0.146,0.124
4tO0enUe9YuNvufZN3GKVC,show-tunes,The Final Battle,Les Misérables Cast,0.066,0.634
0aWGbjZX8YjZSAIH31k5dp,show-tunes,(You're) Timeless to Me,Various Artists,0.509,0.415
7uRvz6XGMEKFcxzKBWSYye,show-tunes,Confrontation,Les Misérables - Original 1985 London Cast Recording,0.163,0.514
0CETmgFGt8Ne8vLnaLcduU,singer-songwriter,Queen of California,John Mayer,0.707,0.738
3sOEdZiqjCYlEz84eRJXf7,singer-songwriter,Powerful Stuff,Sean Hayes,0.449,0.367
45ZmUXITNXixqBjelRmBSO,singer-songwriter,Candy,Paolo Nutini,0.368,0.601
47AcSD50nYxgg99swhR8uK,singer-songwriter,How Come,Ray LaMontagne,0.705,0.55
277Q2UaF8FeL7WNWQgzdlk,singer-songwriter,Place To Be,Nick Drake,0.432,0.234
0efYshYqFcpPxgVzL9pxa6,singer-songwriter,Heart's on Fire - Radio Edit,Passenger,0.22,0.317
0534jmQ0dYChW5MSzYXNVr,singer-songwriter,"Promises, Promises",Incubus,0.847,0.711
0VZ9xPNa6ROafP6GYYuv2S,singer-songwriter,Marry Me,Train,0.492,0.269
6UdhIn5jito25nOYZ5jWlA,singer-songwriter,Make It Mine,Jason Mraz,0.641,0.794
3gbHxNbHTZMGAFMRrTyyXE,ska,Mendoza,Mustard Plug,0.857,0.935
0Bi99HivSjpNRLxcbPyd1p,ska,Racist Friend,The Specials,0.87,0.618
5MV5kAmDW7YBk0jNonfPXN,ska,In The Middle Of The Night,Madness,0.699,0.726
0eIBcT5QKd4JceHFHVgoLa,ska,Jaded,Operation Ivy,0.599,0.977
4jikVslCvDrDysc3p4tFHM,ska,Vendedora de Caricias,Panteon Rococo,0.902,0.675
0jlpgMdHL9Ar7CXlePtaql,ska,Could You Be Loved,Bob Marley & The Wailers,0.777,0.732
3NkeaRYnU3JtP5I5xdGDLw,ska,Rivers Of Babylon,Sublime,0.717,0.439
46XGpxtzzyCgW42ipxgtPc,ska,If Only for Memories,Streetlight Manifesto,0.945,0.902
3pdrugv766JqN1wZR3kaFB,ska,Someday Right Now,Mustard Plug,0.64,0.957
6jdOi5U5LBzQrc4c1VT983,sleep,"Hold On, We're Going Home",Drake,0.289,0.414
1hWYT0w2R0J19rlVkiez7X,sleep,Battle Scars (with Guy Sebastian),Lupe Fiasco,0.494,0.811
451GvHwY99NKV4zdKPRWmv,sleep,Banana Pancakes,Jack Johnson,0.615,0.375
2pwdgph51JIwFkhmvZdgAn,sleep,I Can Feel a Hot One,Manchester Orchestra,0.0608,0.299
3PSMcb1gU5A8DveqU2K4z2,sleep,Slow Dancing in a Burning Room - Acoustic,John Mayer,0.378,0.313
3w7trw4eu0CsEudrWj8Gpb,sleep,Nirvana,Sam Smith,0.333,0.608
6IwKcFdiRQZOWeYNhUiWIv,sleep,No One,Alicia Keys,0.167,0.549
6vrUTGn5p8IrfTZ0J6sIVM,sleep,Iris,The Goo Goo Dolls,0.513,0.79
1zVhMuH7agsRe6XkljIY4U,sleep,human,Christina Perri,0.253,0.489
1qDLR7YJax1H6KqlGYxB0F,songwriter,The Company Of Cowards,John Mellencamp,0.916,0.767
2Tova86ukK0deFqOURbjJQ,songwriter,In The Margins,Ani DiFranco,0.136,0.235
4H88C5eMo7CHorvWy2Hr4q,songwriter,Somebody To Break Your Heart,Robyn Hitchcock,0.791,0.472
3rKGbRSOtGe43k9FSa5GNB,songwriter,Rumble Doll,Patti Scialfa,0.853,0.445
51b932KKxiuq7pMxfTqwW6,songwriter,Flight Attendant,Josh Rouse,0.179,0.435
0WnswIrvQzYuKsUe1u2Xnr,songwriter,Go Where The Love Is,Various Artists,0.826,0.437
5i1BminT3YJntUlLYUV1wj,songwriter,Way over Yonder in the Minor Key,Billy Bragg,0.458,0.437
2B976GvswTOyBqeMsuGopj,songwriter,Why Won't You Stay,American Music Club,0.0448,0.152
62GWjyFCvpuysYTIQ7B0CG,songwriter,Blue,The Jayhawks,0.345,0.6
4TIZrHkVMOnEb0L3Vj8zUc,songwriter,The Boys Of Summer,Don Henley,0.859,0.776
2fE4MbwX3QGMzNaMjGVhtw,soul,Say Yes,Floetry,0.428,0.398
48s4feNgV243gbAGTTBIrc,soul,Don't You Remember,Adele,0.226,0.4
7GmELLCacoDxgw74xfeUE4,soul,Tell Me 'Bout It,Joss Stone,0.686,0.927
4xzhlulgIL4yFEAR9EjHkR,soul,My Love Is Your Love,Whitney Houston,0.465,0.47
4GhbRPmkVfAZmSQZqdifrn,soul,ifuleave (feat. Mary J. Blige),Musiq Soulchild,0.728,0.752
3ExqReC2xLcMJvS4OVHKh5,soul,Cruisin',Smokey Robinson,0.624,0.481
7F59OXTjQtQ1fANJubwWqa,soul,Same Old Song,Four Tops,0.982,0.773
6inBuoec4UczPssTToKMAB,soul,He Can Only Hold Her,Amy Winehouse,0.685,0.831
7IoKA8yRibsK8Ryy4SH2NL,soul,I Love Music,The O'Jays,0.928,0.862
35uKPcqQWaSnhUtdjxuMpE,soul,Treat Her Like A Lady,The Temptations,0.897,0.903
0dilqERurek1iQzsVbVtOv,soundtracks,Banishment,Patrick Doyle,0.0281,0.212
1IZc5f9ulw7Ge2eOpQH7w6,soundtracks,Kingdom Come,Various Artists,0.179,0.277
26hEU8M4kg9Bsm9Es43CY8,soundtracks,The Downed Dragon,John Powell,0.0602,0.138
2LcV5dZWN47XVCVZ1dFwfQ,soundtracks,You Never Can Tell - 1964 Single Version / Mono,Chuck Berry,0.929,0.837
15o6Mx8AlTHJNBdhRq0YKD,soundtracks,Scorched earth,Various Artists,0.0413,0.226
5k3U0OGYBccHdKJJu3HrUN,soundtracks,"Hakuna Matata - From ""The Lion King""/Soundtrack",Various Artists,0.725,0.313
7Lnd4du5ZNl0K82p5QFi5H,soundtracks,Under the Stars,Various Artists,0.107,0.254
03xWMkKEbeO4SnylA53ipj,soundtracks,"When Will My Life Begin? - From ""Tangled"" / Soundtrack Version",Various Artists,0.385,0.42
6zJms3MX11Qu1IKF44LoRW,soundtracks,Us,Regina Spektor,0.12,0.305
7wjsZ4GuNKZl2OnyAGElvr,soundtracks,You're No Different,Alan Silvestri,0.325,0.0258
0GG6YY9gu97vmVYDcZeaVI,spanish,Ritmo Total (Rhythm Divine),Enrique Iglesias,0.466,0.952
6dhnmkbc9Z7pGsUyUgZKGX,spanish,Tan Sólo Tú (feat. Alejandra Guzmán) - Franco De Vita en Primera Fila,Franco De Vita,0.206,0.514
28upjDakWVnHAgW2anm273,spanish,A Puro Dolor - Balada,Son By Four,0.347,0.544
2DWzn0kVcV9iKkiiee4rRE,spanish,Labios Rotos,Zoé,0.258,0.769
1ulGY04pV5DA3VpOunkrix,spanish,Un Día en el Mundo,Vetusta Morla,0.335,0.863
65o8SI1kfFAIr0EjXeBRkB,spanish,La Camisa Negra,Juanes,0.968,0.73
3eCuEXYF3VnbTDHaztfUAv,spanish,La Diabla,Romeo Santos,0.882,0.747
2MioxSroS0g1mi24LLfcnq,spanish,Por un Segundo,Aventura,0.965,0.562
5GAW7f4CGEPC2I7oNjwB9G,spanish,El verdadero amor perdona - dueto con Prince Royce,Maná,0.719,0.762
4dHEQ1W1jRmNjjB0S7vB8V,study,re:stacks,Bon Iver,0.304,0.0813
3FvgjfERD2q146UmzjNTc4,study,Bring Him Home,The Piano Guys,0.103,0.0892
1zHlj4dQ8ZAtrayhuDDmkY,study,Timber (feat. Ke$ha),Pitbull,0.825,0.965
0xM88xobymkMgg46MStfnV,study,Hey There Delilah,Plain White T's,0.321,0.376
7kSLdGdXLey7pzLsWpdg1h,study,Little Things,One Direction,0.556,0.222
0XiMoe7Dh3CcF5sYNWIwYR,study,The Poet Acts,Philip Glass,0.037,0.0279
6wZI4mdT8JwXgkGURnBQiq,study,Say,John Mayer,0.541,0.723
6D5pfooPP6hi99RaXjkDsP,study,Summertime Sadness [Lana Del Rey vs. Cedric Gervais] - Cedric Gervais Remix,Lana Del Rey,0.114,0.813
5rb9QrpfcKFHM1EUbSIurX,summer,Yeah! (feat. Lil Jon & Ludacris),Usher,0.583,0.791
7oK9VyNzrYvRFo7nQEYkWN,summer,Mr. Brightside,The Killers,0.232,0.924
1AguHaKOuggrVTebp7cZEI,summer,Stereo Love - Radio Edit,Edward Maya,0.586,0.783
4nVBt6MZDDP6tRVdQTgxJg,summer,Story of My Life,One Direction,0.286,0.663
4KnpSJBbcpJBAjEaaJBcL8,summer,Badfish,Sublime,0.516,0.419
13qqdlSeF8FcxsRyapDMZ0,summer,Changes,Faul & Wad,0.255,0.704
3MQv9nlTPegQJprfB1TAUy,summer,River Bank,Brad Paisley,0.867,0.877
4zSSeTlH3sV6zq1Y94FYL5,swedish,Fantasi,Freestyle,0.91,0.883
2PD70CPXPOsnTxJdoaaN95,swedish,En midsommarnattsdröm,Håkan Hellström,0.688,0.857
2EWH3N5EdsSeloRKwM8Jhj,swedish,Tro,Marie Fredriksson,0.136,0.37
2b712q3E27nyW6LGsZxr0y,swedish,Dancing On My Own,Robyn,0.261,0.865
03CuKm1ugqpOYDukfxQlT0,swedish,Vandraren,Nordman,0.693,0.95
75lONKZNhv4bvUxiwzKxIc,swedish,Dance With Somebody - Radio Version,Mando Diao,0.582,0.894
1caeNKaXZzm5BGuVIOargV,swedish,Jag vet inte vem jag är men jag vet att jag är din,Håkan Hellström,0.415,0.935
3e4GBiENKcsxcgla5R21GQ,swedish,En sån karl,Lill Lindfors,0.282,0.558
201y8N0jrbsN8WAnsCeWh7,swedish,Sen en tid tillbaka,Melissa Horn,0.519,0.559
0aMbEJJSv6oEq9VFAi5uTG,swedish,Slå mig hårt i ansiktet,Thomas Stenström,0.704,0.88
2kpJe1g0LjwxNPlxvDcBLf,synth-pop,Happy Idiot,TV On The Radio,0.863,0.948
1Fes5MQcOLhyA16q7lmpeK,synth-pop,Anything Could Happen,Ellie Goulding,0.401,0.775
6t6oULCRS6hnI7rm0h5gwl,synth-pop,Some Nights,fun.,0.392,0.738
6golelYKuy85o3u0cxIxFK,synth-pop,The Wire,HAIM,0.525,0.635
3JsA2sWDNR9oQogGAzqqtH,synth-pop,Open,Rhye,0.231,0.324
6GRDI9suQHikFP6euIXnpq,synth-pop,Hero,Family of the Year,0.267,0.539
1K66si1ZELsRZzg7m7mcps,synth-pop,Shut Up and Dance,WALK THE MOON,0.632,0.88
2MrvoOqj007UVWUtGcCK0F,synth-pop,Born To Die,Lana Del Rey,0.39,0.636
7dpOCuGJOlxDhEouNQNCBM,synth-pop,Can't Do Without You,Caribou,0.508,0.403
32I8vEvwsUXTst1QSsmpSR,synth-pop,Trainwreck 1979 - Moulder Mix with in/out fades,Death From Above 1979,0.304,0.934
7AsCBlJEJAyonOaUzj0XPV,tango,El Entrerriano,Alfredo De Angelis,0.619,0.211
3uogquNxNyZ2zajp2KJjnl,tango,El capitalismo foráneo,Gotan Project,0.627,0.789
0ijEduUFFGqlmJyS9ftQZ6,tango,El Rosal - Remastered,Carlos Gardel,0.299,0.111
7HrmJcjSoBtAO2dZ7AJRLG,tango,Recuerdo,Osvaldo Pugliese,0.547,0.147
3QfQyQZ9R8ab7M21tGwVoJ,tango,Loca,Juan D'Arienzo,0.63,0.359
3J5ce8XaFIRzFz67EcNdhy,tango,Caricias,Various Artists,0.837,0.244
6NLSDEFOAb1eZPdEEx6f6D,tango,Clavel Del Aire,Carlos Di Sarli,0.475,0.317
60iGqR1Z3ni8Yl4YpGRD9G,tango,Milonga vieja milonga,Various Artists,0.834,0.387
4SSppVTwlc4w4Sy884e2jv,tango,Tengo miedo,Carlos Gardel,0.806,0.361
4CEYDgQyM5WvwFeujGCNFu,tango,Remembrance,Astor Piazzolla,0.148,0.247
6SvDkzJLDUIxCLFQ0l8aYE,techno,Disco Pogo - Atzen Musik Mix,Die Atzen,0.286,0.771
3onem9WqSCoo0qNfVFGVbz,techno,Outta My Life - Touch Mix,deadmau5,0.717,0.483
3FMhOHaLDx5NYEzSWRyJ9r,techno,Camilla,Basshunter,0.509,0.968
3ctALmweZBapfBdFiIVpji,techno,The Game of Love,Daft Punk,0.682,0.5
043vxbUHxQErHDIe7zuC0O,techno,Just One Last Time (feat. Taped Rai),David Guetta,0.208,0.814
1pKYYY0dkg23sQQXi0Q5zN,techno,Around the World,Daft Punk,0.841,0.795
1Ca2ELRlvACAeI7xz9c9jR,techno,Spaceman,Hardwell,0.118,0.763
70RjYMSmFY0VpWqBprxDRD,techno,Ampersand,Various Artists,0.408,0.874
3XcXYjycueAArfMhUkyoNp,trance,A Tear In The Open,Tiësto,0.189,0.486
2CHvjyIZ8khtm2ipjz0vmq,trance,Use Somebody - Armin van Buuren Rework,Various Artists,0.046,0.838
7hKq7toQZbJzsMi0F92jo5,trance,Arguru,deadmau5,0.289,0.521
2nrOHpPWNHacdc0QZ8tuwg,trance,Beautiful,Ferry Corsten,0.415,0.848
6LXmJs32oPJJX4Lp3FHDLz,trance,Believe It - Cazzette's Androids Sound Hot Remix,Sander van Doorn,0.613,0.692
2hPpbAO9ceCehNrOMBtraC,trance,Komodo (Megavoices Claxixx Mix),Mauro Picotto,0.356,0.764
5rYvJIQTOmX7srQj0e5jDi,trance,Global Age - Original Mix,Push,0.524,0.556
2HeklDtV8HpT8tfUNbjuNU,trance,As We Collide,Christian Burns,0.435,0.88
0cA5O7yfEh5IJ94q24MYDE,trance,Serenity - Radio Edit,Various Artists,0.13,0.975
7DH7BPebIo33EwETjrORll,trip-hop,Butterfly Effect,Lamb,0.322,0.602
5GxPSmuX8xsymT9NTaBrL1,trip-hop,Lyrics Of Fury,Tricky,0.841,0.975
51mX1K4hPL78Zm9r9QVOSE,trip-hop,The Outernationalist,Thievery Corporation,0.627,0.809
4eKIHs1qmbmcFLdFYH6pU2,trip-hop,Never the Same,Supreme Beings of Leisure,0.492,0.662
0XiHcuUEf1wmvmX1cOaVR9,trip-hop,Eyesdown,Bonobo,0.183,0.455
2nilk2HdoJNysoEhkj9yQC,trip-hop,Enjoy The Ride,Morcheeba,0.48,0.54
0XIR6NgMKekKW4nsGLTRIE,trip-hop,Safe in the Steep Cliffs,Emancipator,0.0778,0.481
54KxjGEVqy7wtoICc4858l,trip-hop,Spandex Man,Mr. Scruff,0.727,0.522
7HF88u3fOOF2jzNaibk7FW,trip-hop,You Don't,Tricky,0.678,0.731
3c647cJpYgiR7oC4y3NcvI,turkish,Leylim Ley,İbrahim Tatlıses,0.315,0.598
0cbjvKpGFY7UrazvtVQ9W6,turkish,Mikrop,Serdar Ortaç,0.593,0.901
1dwAnaN48yzatzkDmlLu6R,turkish,Resimdeki Gözyaslari (Apaslar),Cem Karaca,0.422,0.604
7pTAckB728hBlskEYJwudD,turkish,Bize Gidelim,Mustafa Sandal,0.892,0.635
70XWdvd5aYbMUyi6FpaGPG,turkish,Simarik - Radio Edit,Tarkan,0.77,0.864
7gTbqA7kOItyMAUYNaAHjo,turkish,Allah Allah,İbrahim Tatlıses,0.715,0.498
0BcODNNCNPjy1ZXsOI0kRi,turkish,Nasip Değilmiş,Demet Akalın,0.395,0.698
4MnJ7VI4eTtn2b9K8WtXAv,turkish,Melek,Candan Erçetin,0.76,0.894
3TvGv2j1pqC06niLgUDa2y,turkish,Cay Berbena,Sivan Perwer,0.705,0.617
0bg6otrW5gxNnlCqrCrXyd,work-out,Dynamite,Taio Cruz,0.818,0.804
4IOPLyAe3NmfUGq0qNnd9i,work-out,In The Dark,DEV,0.442,0.826
2bN0VoXCagktb6yAi9942I,work-out,Best I Ever Had,Gavin DeGraw,0.512,0.932
5IVuqXILoxVWvWEPm82Jxr,work-out,Crazy In Love (feat. Jay-Z),Beyoncé,0.681,0.77
7oVEtyuv9NBmnytsCIsY5I,work-out,BURN IT DOWN,Linkin Park,0.585,0.972
7fmpKF0rLGPnP7kcQ5ZMm7,work-out,"Back in Time - featured in ""Men In Black 3""",Pitbull,0.747,0.91
0ltBH1JNzSvQJPjJpvTu9B,work-out,Whistle,Flo Rida,0.75,0.933
7kaVwmaO4o2u9tsJCB2kxy,work-out,Talk Dirty (feat. 2 Chainz) - Steve Smart and Westfunk Remix,Various Artists,0.888,0.701
0yp6jw6F0LNnjbxLejWaPK,world-music,La Vida Es Un Carnaval,Various Artists,0.849,0.76
4atIYyceVIypDr7YqI9ys4,world-music,Boee (Come To Me),Idan Raichel,0.57,0.672
5CFdHtJAlGttkKbAJjJEV7,world-music,Juru nani - feat. Kasse Mady Diabate,Bassekou Kouyate,0.925,0.59
7yeTvvLA54txVj2LPulf9Y,world-music,Matadjem Yinmixan,Tinariwen,0.536,0.692
6nrUDtBBWBKuSDofJpphDd,world-music,Epoca,Hôtel Costes,0.698,0.743
1xJtdt697VaDWFJ1eEwlPO,world-music,Cat Bed Music,Pet Music World,0.0394,0.033
05CF4ATpqROLTQVYABNZ3W,world-music,Laidu,Rokia Traoré,0.397,0.269
5KgU4lp0870zryRc3BEeDN,world-music,Roforofo Fight,Fela Kuti,0.751,0.9
0oiNsnH40PPTBFqixyPTWG,world-music,Kothbiro,Alberto Iglesias,0.486,0.0691
6zE5qiEqaGV3340jNR4bwx,world-music,All Day All Night - Jamaican Version,The Wailers,0.843,0.65
